Rank,Name,Platform,Platform Group,Year,Genre,Publisher,NA Sales,EU Sales,JP Sales,Other Sales,Global Sales
15544,Legendary,PC,PC,2008,Shooter,Atari,0,0.01,0,0,0.02
15545,Snow Portable,PSP,PS,2007,Adventure,Prototype,0,0,0.02,0,0.02
15546,Poyo Poyo Kansatsu Nikki,3DS,Nintendo,2012,Action,IE Institute,0,0,0.02,0,0.02
15547,Jinsei Game DS,DS,Nintendo,2006,Misc,Atlus,0,0,0.02,0,0.02
15548,Guitar Freaks & DrumMania: Masterpiece Gold,PS2,PS,2007,Simulation,Konami Digital Entertainment,0,0,0.02,0,0.02
15549,Broken Sword: The Sleeping Dragon,XB,XBox,2003,Adventure,THQ,0.01,0,0,0,0.02
15550,Reversal Challenge,DS,Nintendo,2009,Misc,Tommo,0.02,0,0,0,0.02
15551,Wild West Shootout,Wii,Nintendo,2010,Shooter,Unknown,0.01,0.01,0,0,0.02
15552,Miyako,PSP,PS,2010,Adventure,Idea Factory,0,0,0.02,0,0.02
15553,Motto NUGA-CEL!,PSP,PS,2010,Adventure,Idea Factory,0,0,0.02,0,0.02
15554,Yu-Gi-Oh! GX: The Beginning of Destiny (JP sales),PS2,PS,2007,Strategy,Konami Digital Entertainment,0,0,0.02,0,0.02
15555,11eyes: CrossOver,PSP,PS,2010,Adventure,5pb,0,0,0.02,0,0.02
15556,Super Dodge Ball,NG,PC,1995,Sports,Technos Japan Corporation,0,0,0.02,0,0.02
15557,Tsuki ni Yori Sou Otome no Sahou: Hidamari no Hibi,PSV,PS,2015,Adventure,dramatic create,0,0,0.02,0,0.02
15558,Gon: BakuBakuBakuBaku Adventure,3DS,Nintendo,2012,Action,Namco Bandai Games,0,0,0.02,0,0.02
15559,Style Book: Junior City,DS,Nintendo,2006,Misc,Namco Bandai Games,0,0,0.02,0,0.02
15560,Amatsumi Sora ni! Kumo no Hatate ni,PSV,PS,2015,Adventure,Prototype,0,0,0.02,0,0.02
15561,Garfield's Nightmare,DS,Nintendo,2007,Platform,Game Factory,0.01,0,0,0,0.02
15562,Earth Seeker,Wii,Nintendo,2011,Role-Playing,Kadokawa Shoten,0,0,0.02,0,0.02
15563,Downtown Nekketsu Koushinkyoku: Soreyuke Daiundoukai All-Star Special,PS3,PS,2015,Action,Arc System Works,0,0,0.02,0,0.02
15564,Lovely x Cation 1 & 2,PSV,PS,2015,Action,5pb,0,0,0.02,0,0.02
15565,Barbie as the Princess and the Pauper,GBA,Nintendo,2004,Adventure,Vivendi Games,0.01,0,0,0,0.02
15566,Blood Bowl: Legendary Edition,PC,PC,2010,Sports,Focus Home Interactive,0,0.01,0,0,0.02
15567,Tantei Opera: Milky Holmes,PSP,PS,2010,Adventure,Unknown,0,0,0.02,0,0.02
15568,Pirates of the Burning Sea,PC,PC,2008,Role-Playing,Koch Media,0,0.01,0,0,0.02
15569,TV Anime Idolm@ster: Cinderella Girls G4U! Pack Vol.8,PS3,PS,2016,Misc,Namco Bandai Games,0,0,0.02,0,0.02
15570,Mary King's Riding School 2,Wii,Nintendo,2009,Simulation,Midas Interactive Entertainment,0,0.02,0,0,0.02
15571,Micro Machines V4,PSP,PS,2006,Racing,Codemasters,0.01,0,0,0,0.02
15572,Entaku no Seito: The Eternal Legend,PSP,PS,2012,Role-Playing,Kadokawa Games,0,0,0.02,0,0.02
15573,New Atelier Rorona: Hajimari no Monogatari,3DS,Nintendo,2015,Action,Tecmo Koei,0,0,0.02,0,0.02
15574,WorldShift,PC,PC,2009,Strategy,Playlogic Game Factory,0.02,0,0,0,0.02
15575,The Crew: Wild Run,PC,PC,2015,Action,Ubisoft,0,0.02,0,0,0.02
15576,Casper's Scare School: Spooky Sports Day,DS,Nintendo,2009,Sports,Blast! Entertainment Ltd,0.02,0,0,0,0.02
15577,7 Roses: A Darkness Rises,PC,PC,2015,Misc,Avanquest Software,0,0.02,0,0,0.02
15578,My Hero: Doctor,DS,Nintendo,2009,Action,Majesco Entertainment,0.02,0,0,0,0.02
15579,Sega Ages 2500 Series Vol. 29: Monster World Complete Collection,PS2,PS,2007,Role-Playing,Sega,0,0,0.02,0,0.02
15580,Bakumatsu Rock: Ultra Soul,PSV,PS,2014,Misc,Marvelous Interactive,0,0,0.02,0,0.02
15581,Metal Fight Beyblade Portable: Chouzetsu Tensei Vulcan Horses,PSP,PS,2010,Action,Takara Tomy,0,0,0.02,0,0.02
15582,Cabela's Alaskan Adventure,PS2,PS,2006,Sports,Unknown,0.01,0.01,0,0,0.02
15583,Elf Bowling 1 & 2,DS,Nintendo,2005,Sports,Ignition Entertainment,0.02,0,0,0,0.02
15584,Niko Puchi Girls Runway,3DS,Nintendo,2015,Misc,Happinet,0,0,0.02,0,0.02
15585,MotoGP 14,PSV,PS,2014,Racing,Milestone S.r.l.,0,0.01,0,0,0.02
15586,Bomberman 2,DS,Nintendo,2008,Puzzle,Hudson Soft,0,0.01,0,0,0.02
15587,Arabians Lost: The Engagement on Desert,PS2,PS,2007,Adventure,Prototype,0,0,0.02,0,0.02
15588,Densha de Go! Tokubetsu-hen: Fukkatsu Shouwa no Yamatesen,DS,Nintendo,2010,Simulation,Square Enix,0,0,0.02,0,0.02
15589,Summon Night Granthese: Horobi no Ken to Yakusoku no Kishi,PS2,PS,2010,Role-Playing,Namco Bandai Games,0,0,0.02,0,0.02
15590,Gakken DS: Shin TOEIC Test Kanzen Kouryaku,DS,Nintendo,2007,Misc,Gakken,0,0,0.02,0,0.02
15591,SD Gundam Sangokuden Brave Battle Warriors: Shin Mirisha Taisen,DS,Nintendo,2010,Action,Namco Bandai Games,0,0,0.02,0,0.02
15592,Peggle Nights,PC,PC,2008,Puzzle,PopCap Games,0,0.01,0,0,0.02
15593,Starry ? Sky: After Summer,PSP,PS,2013,Misc,Asgard,0,0,0.02,0,0.02
15594,Puzzle Guzzle,PSP,PS,2007,Puzzle,DHM Interactive,0.02,0,0,0,0.02
15595,ESPN NFL Primetime 2002,XB,XBox,2002,Sports,Konami Digital Entertainment,0.01,0,0,0,0.02
15596,Gallop Racer Inbreed,PS2,PS,2006,Sports,Tecmo Koei,0,0,0.02,0,0.02
15597,Myth Makers: Super Kart GP,Wii,Nintendo,2007,Racing,Popcorn Arcade,0.01,0,0,0,0.02
15598,Red Ninja: End of Honor,XB,XBox,2005,Action,Vivendi Games,0.01,0,0,0,0.02
15599,Ketsui: Kizuna Jigoku Tachi Extra,X360,XBox,2010,Shooter,5pb,0,0,0.02,0,0.02
15600,Frisbee Disc Freestyle / Frisbee Disc Golf,DS,Nintendo,2007,Sports,DSI Games,0.02,0,0,0,0.02
15601,Call of Duty: Modern Warfare Trilogy,PS3,PS,2016,Shooter,Activision,0,0.01,0,0,0.02
15602,The King of Fighters Collection: The Orochi Saga (JP sales),PS2,PS,2006,Fighting,Ignition Entertainment,0,0,0.02,0,0.02
15603,Emergency 2012,DS,Nintendo,2010,Simulation,Rondomedia,0,0.02,0,0,0.02
15604,Command & Conquer 3: Kane's Wrath,PC,PC,2008,Strategy,Electronic Arts,0,0.01,0,0,0.02
15605,Suzumiya Haruhi-Chan no Mahjong,PSP,PS,2011,Misc,Kadokawa Shoten,0,0,0.02,0,0.02
15606,Tsuki no Hikari: Shizumeru Kane no Satsujin,PS2,PS,2002,Adventure,Victor Interactive,0,0,0.02,0,0.02
15607,Aqua Panic!,DS,Nintendo,2009,Puzzle,Neko Entertainment,0.01,0.01,0,0,0.02
15608,James Bond 007: Blood Stone,PC,PC,2010,Shooter,Activision,0.02,0,0,0,0.02
15609,Writing and Speaking Beautiful Japanese DS,DS,Nintendo,2009,Misc,Unknown,0,0,0.02,0,0.02
15610,Sega Ages 2500 Series Vol. 26: Dynamite Deka,PS2,PS,2006,Action,Sega,0,0,0.02,0,0.02
15611,Kong: The Animated Series,GBA,Nintendo,2002,Action,BAM! Entertainment,0.01,0,0,0,0.02
15612,Heavy Fire: Afghanistan,PC,PC,2011,Shooter,Mastiff,0.02,0,0,0,0.02
15613,Let's Dance with Mel B,X360,XBox,2011,Sports,Black Bean Games,0,0.02,0,0,0.02
15614,Agatha Christie: Death on the Nile,PC,PC,2008,Adventure,Big Fish Games,0,0.01,0,0,0.02
15615,The Crew: Wild Run,XOne,XBox,2015,Action,Ubisoft,0,0.02,0,0,0.02
15616,Toukiden 2,PS3,PS,2016,Action,Tecmo Koei,0,0,0.02,0,0.02
15617,Koisuru Otome to Shugo no Tate Portable,PSP,PS,2010,Adventure,Alchemist,0,0,0.02,0,0.02
15618,PachiPara 3D: Ooumi Monogatari 2 - Pachi Pro Fuuunroku Hana,3DS,Nintendo,2012,Action,Irem Software Engineering,0,0,0.02,0,0.02
15619,Nodame Cantabile: Tanoshii Ongaku no Jikan Desu,DS,Nintendo,2010,Misc,Namco Bandai Games,0,0,0.02,0,0.02
15620,Iridium Runners,PS2,PS,2008,Racing,SouthPeak Games,0.01,0.01,0,0,0.02
15621,Ben 10 Omniverse 2,3DS,Nintendo,2013,Action,Namco Bandai Games,0,0.02,0,0,0.02
15622,"Shounen Onmyouji: Tsubasa Yoima, Ten e Kaere",PS2,PS,2007,Adventure,Kadokawa Shoten,0,0,0.02,0,0.02
15623,Bakumatsu Renka: Karyuu Kenshi-den,PS2,PS,2007,Adventure,D3Publisher,0,0,0.02,0,0.02
15624,Dancing on Ice,DS,Nintendo,2010,Sports,Ghostlight,0,0.02,0,0,0.02
15625,Tiny Toon Adventures: Wacky Stackers,GBA,Nintendo,2001,Puzzle,Conspiracy Entertainment,0.01,0,0,0,0.02
15626,Princess Frontier Portable,PSP,PS,2011,Adventure,Alchemist,0,0,0.02,0,0.02
15627,Rock Blast,Wii,Nintendo,2010,Puzzle,UFO Interactive,0.02,0,0,0,0.02
15628,Touch Detective (JP sales),DS,Nintendo,2006,Adventure,505 Games,0,0,0.02,0,0.02
15629,Tomb Raider: Legend,PC,PC,2006,Action,Eidos Interactive,0,0.01,0,0,0.02
15630,Emergency Mayhem,Wii,Nintendo,2008,Racing,Codemasters,0.02,0,0,0,0.02
15631,Rising Zan: The Samurai Gunman,PS,PS,1998,Action,Agetec,0.01,0.01,0,0,0.02
15632,Mai-Otome Hime: Otome Butou Shi,PS2,PS,2006,Fighting,Sunrise Interactive,0,0,0.02,0,0.02
15633,Robopon 2: Cross Version,GBA,Nintendo,2001,Role-Playing,Hudson Entertainment,0.01,0,0,0,0.02
15634,TMNT: Mutant Melee,XB,XBox,2005,Fighting,Konami Digital Entertainment,0.01,0,0,0,0.02
15635,Ultimate Puzzle Games,GBA,Nintendo,2005,Puzzle,Telegames,0.01,0,0,0,0.02
15636,Combat Flight Simulator 3: Battle for Europe,PC,PC,2002,Simulation,Microsoft Game Studios,0.01,0.01,0,0,0.02
15637,Kimikare: New Semester,PSP,PS,2012,Action,Idea Factory,0,0,0.02,0,0.02
15638,Katekyoo Hitman Reborn! Kindan no Yami no Delta,PS2,PS,2008,Action,Marvelous Interactive,0,0,0.02,0,0.02
15639,Haneru no Tobira Wii: Girigirissu,Wii,Nintendo,2007,Misc,Namco Bandai Games,0,0,0.02,0,0.02
15640,RoboCop,XB,XBox,2003,Shooter,Titus,0.01,0,0,0,0.02
15641,Elminage II: Sousei no Megami to Unmei no Daichi,PSP,PS,2009,Role-Playing,Starfish,0,0,0.02,0,0.02
15642,Lara Croft and the Temple of Osiris,PC,PC,2014,Action,Square Enix,0,0.02,0,0,0.02
15643,Final Fantasy XIV: Heavensward,PC,PC,2015,Action,Square Enix,0.01,0.01,0,0,0.02
15644,Grisaia no Rakuen: Le Eden de la Grisaia,PSV,PS,2014,Adventure,Prototype,0,0,0.02,0,0.02
15645,Blazing Souls,PS2,PS,2006,Role-Playing,Idea Factory,0,0,0.02,0,0.02
15646,Seinaru Kana: Orichalcum no Na no Motoni,PSP,PS,2012,Action,CyberFront,0,0,0.02,0,0.02
15647,NHL 2K3,GC,Nintendo,2002,Sports,Sega,0.01,0,0,0,0.02
15648,PDC World Championship Darts 2009,Wii,Nintendo,2009,Sports,Oxygen Interactive,0,0.02,0,0,0.02
15649,Tour de France 2014,PS3,PS,2014,Sports,Focus Home Interactive,0,0.02,0,0,0.02
15650,The Hustle: Detroit Streets,XB,XBox,2006,Sports,Activision,0.01,0,0,0,0.02
15651,Tail of the Sun,PS,PS,1996,Role-Playing,ArtDink,0.01,0.01,0,0,0.02
15652,Canada Hunt,Wii,Nintendo,2010,Sports,Virtual Play Games,0.02,0,0,0,0.02
15653,Space Channel 5: Ulala's Cosmic Attack,GBA,Nintendo,2002,Misc,Atari,0.01,0,0,0,0.02
15654,Airline Tycoon,PC,PC,2000,Simulation,Interplay,0,0.01,0,0,0.02
15655,Virtua Quest,PS2,PS,2004,Role-Playing,Unknown,0.01,0.01,0,0,0.02
15656,Disney Sports Basketball,GBA,Nintendo,2002,Sports,Konami Digital Entertainment,0.01,0,0,0,0.02
15657,Bejeweled Blitz,PC,PC,2010,Puzzle,Mastertronic,0,0.01,0,0,0.02
15658,Ozzy & Drix,GBA,Nintendo,2003,Platform,Midway Games,0.01,0,0,0,0.02
15659,Barnyard Blast: Swine of the Night,DS,Nintendo,2008,Platform,Big Ben Interactive,0.02,0,0,0,0.02
15660,SBK09 Superbike World Championship,PS3,PS,2009,Racing,Black Bean Games,0,0.01,0,0,0.02
15661,Song of the Deep,PC,PC,2016,Action,Insomniac Games,0.02,0,0,0,0.02
15662,Yamasa Digi World SP: Moeyo! Kung Fu Shukujo,PS2,PS,2006,Misc,Yamasa Entertainment,0,0,0.02,0,0.02
15663,Nobunaga no Yabou: Soutensoku with Power-Up Kit,PSP,PS,2011,Strategy,Tecmo Koei,0,0,0.02,0,0.02
15664,Disney Sports Football,GC,Nintendo,2002,Sports,Konami Digital Entertainment,0.01,0,0,0,0.02
15665,Castle Shikigami 2,PS2,PS,2004,Shooter,Play It,0.01,0.01,0,0,0.02
15666,Wizardry Twin Pack,PS3,PS,2011,Role-Playing,Acquire,0,0,0.02,0,0.02
15667,Rabbids Invasion: The Interactive TV Show,PS4,PS,2014,Misc,Ubisoft,0,0.01,0,0,0.02
15668,Moe Star: Moeru Toudai Eigojuku,DS,Nintendo,2008,Misc,Mirai Shounen,0,0,0.02,0,0.02
15669,Gadget Racers (PAL),PS2,PS,2002,Racing,Zoo Digital Publishing,0,0,0.02,0,0.02
15670,Pulse Racer,XB,XBox,2003,Racing,Jaleco,0.01,0,0,0,0.02
15671,Freestyle Metal X,GC,Nintendo,2003,Racing,Midway Games,0.01,0,0,0,0.02
15672,Tegami Bachi: Kokoro Tsumugu Mono e,PSP,PS,2010,Role-Playing,Konami Digital Entertainment,0,0,0.02,0,0.02
15673,NEVES,DS,Nintendo,2007,Puzzle,Ignition Entertainment,0.01,0,0,0,0.02
15674,Unreal Tournament 2004,PC,PC,2004,Shooter,Atari,0,0.01,0,0,0.02
15675,NBA 07,PS2,PS,2006,Sports,Sony Computer Entertainment,0.01,0.01,0,0,0.02
15676,Antiphona no Seikahime: Tenshi no Gakufu Op.A,PSP,PS,2009,Role-Playing,Nippon Ichi Software,0,0,0.02,0,0.02
15677,Rogue Trooper,XB,XBox,2006,Shooter,Eidos Interactive,0.01,0,0,0,0.02
15678,Spirits & Spells,GC,Nintendo,2003,Platform,Wanadoo,0.01,0,0,0,0.02
15679,TV Anime Idolm@ster: Cinderella Girls G4U! Pack Vol.2,PS3,PS,2015,Action,Namco Bandai Games,0,0,0.02,0,0.02
15680,Balls of Fury,DS,Nintendo,2007,Sports,Zoo Digital Publishing,0.02,0,0,0,0.02
15681,50 Classic Games,3DS,Nintendo,2012,Misc,Avanquest Software,0,0.02,0,0,0.02
15682,The Longest Journey,PC,PC,1999,Adventure,Empire Interactive,0,0.01,0,0,0.02
15683,Eyeshield 21: Portable Edition,PSP,PS,2006,Role-Playing,Konami Digital Entertainment,0,0,0.02,0,0.02
15684,Stronghold Legends,PC,PC,2006,Strategy,Take-Two Interactive,0,0.01,0,0,0.02
15685,Kabushiki Baibai Trainer: Kabutore! Next,DS,Nintendo,2007,Simulation,Konami Digital Entertainment,0,0,0.02,0,0.02
15686,Machi: Unmei no Kousaten,PSP,PS,2006,Adventure,ChunSoft,0,0,0.02,0,0.02
15687,Winning Post 8 2016,PS4,PS,2016,Simulation,Tecmo Koei,0,0,0.02,0,0.02
15688,Golden Nugget Casino DS,DS,Nintendo,2005,Misc,Majesco Entertainment,0.02,0,0,0,0.02
15689,Machi-ing Maker 4,PS3,PS,2011,Strategy,D3Publisher,0,0,0.02,0,0.02
15690,World Class Rugby 2: Kokunai Gekitou Hen '93,SNES,Nintendo,1994,Sports,Misawa,0,0,0.02,0,0.02
15691,Pirates PlundArrr,Wii,Nintendo,2010,Action,Majesco Entertainment,0.02,0,0,0,0.02
15692,Robotics;Notes,PSV,PS,2014,Adventure,5pb,0,0,0.02,0,0.02
15693,Ketsui Death Label,DS,Nintendo,2008,Shooter,Arika,0,0,0.02,0,0.02
15694,Prince of Stride,PSV,PS,2015,Adventure,Kadokawa Games,0,0,0.02,0,0.02
15695,Syberia II,PC,PC,2004,Adventure,MC2 Entertainment,0,0.01,0,0,0.02
15696,SD Gundam Force,GBA,Nintendo,2004,Shooter,Namco Bandai Games,0.01,0,0,0,0.02
15697,Mechanic Master 2,DS,Nintendo,2010,Puzzle,Crave Entertainment,0.02,0,0,0,0.02
15698,Dungeons - The Dark Lord,PC,PC,2011,Strategy,Kalypso Media,0,0.01,0,0,0.02
15699,Clover no Kuni no Alice: Wonderful Wonder World,PSP,PS,2011,Adventure,Quinrose,0,0,0.02,0,0.02
15701,Hisshou Pachinko*Pachi-Slot Kouryaku Series Vol. 9: CR Fever Captain Harlock,PS2,PS,2007,Misc,D3Publisher,0,0,0.02,0,0.02
15702,Lost: Via Domus,PC,PC,2008,Action,Ubisoft,0,0.01,0,0,0.02
15703,Monster High 13 Wishes,3DS,Nintendo,2013,Action,Little Orbit,0,0.02,0,0,0.02
15704,GA - Geijutsuka Art Design Class: Slapstick Wonder Land,PSP,PS,2010,Adventure,Russel,0,0,0.02,0,0.02
15705,Planetarian: Chiisana Hoshi no Yume,PSP,PS,2009,Adventure,Prototype,0,0,0.02,0,0.02
15706,Roommate Asami: Okusama wa Joshikousei,PS2,PS,2002,Adventure,Datam Polystar,0,0,0.02,0,0.02
15707,Cabbage Patch Kids: The Patch Puppy Rescue,GBA,Nintendo,2007,Misc,D3Publisher,0.01,0,0,0,0.02
15708,Sarah: Keeper of the Unicorn,DS,Nintendo,2009,Adventure,DreamCatcher Interactive,0.02,0,0,0,0.02
15709,Pirates: Legend of the Black Buccaneer,PS2,PS,2006,Adventure,10TACLE Studios,0.01,0.01,0,0,0.02
15710,Back to the Future: The Game,XOne,XBox,2015,Adventure,Telltale Games,0,0.02,0,0,0.02
15711,Post Mortem,PC,PC,2003,Adventure,Microids,0,0.01,0,0,0.02
15712,Ultraman Star Chronicles,PSP,PS,2013,Strategy,Namco Bandai Games,0,0,0.02,0,0.02
15713,Ginga Tetsudou 999 DS,DS,Nintendo,2010,Adventure,Culture Brain,0,0,0.02,0,0.02
15714,TV Anime Idolm@ster: Cinderella Girls G4U! Pack Vol.3,PS3,PS,2015,Action,Namco Bandai Games,0,0,0.02,0,0.02
15715,Amagoushi no Yakata,PS2,PS,2007,Adventure,Nippon Ichi Software,0,0,0.02,0,0.02
15716,Aedis Eclipse: Generation of Chaos,PSP,PS,2006,Role-Playing,Idea Factory,0.02,0,0,0,0.02
15717,This War of Mine,PS4,PS,2016,Action,Deep Silver,0,0.01,0,0,0.02
15718,Franklin: A Birthday Surprise,PS2,PS,2006,Misc,Game Factory,0.01,0.01,0,0,0.02
15719,Nil Admirari no Tenbin: Teito Genwaku Toukidan,PSV,PS,2016,Adventure,Idea Factory,0,0,0.02,0,0.02
15720,Without Warning,XB,XBox,2005,Shooter,Capcom,0.01,0,0,0,0.02
15721,Marvel Superheroes 3D: Grandmaster's Challenge,Wii,Nintendo,2010,Action,Neko Entertainment,0,0.01,0,0,0.02
15722,Suzunone Seven: Rebirth Knot,PS2,PS,2010,Adventure,Alchemist,0,0,0.02,0,0.02
15723,Arslan: The Warriors of Legend,XOne,XBox,2016,Action,Tecmo Koei,0.01,0,0,0,0.02
15724,"Hanayaka Kana, Ware ga Ichizoku: Tasogare Polarstar",PSP,PS,2013,Adventure,Idea Factory,0,0,0.02,0,0.02
15725,Zoids Dash,DS,Nintendo,2006,Role-Playing,Tomy Corporation,0,0,0.02,0,0.02
15726,Digimon Rumble Arena,PS,PS,2001,Fighting,Namco Bandai Games,0.01,0.01,0,0,0.02
15727,Vitamin X Evolution Plus,PSP,PS,2010,Adventure,D3Publisher,0,0,0.02,0,0.02
15728,Disciples III: Renaissance,PC,PC,2010,Strategy,Kalypso Media,0,0.01,0,0,0.02
15729,Revolution: 25th Anniversary Collection,PC,PC,2016,Adventure,Koch Media,0,0.02,0,0,0.02
15730,MX vs. ATV Supercross Encore,XOne,XBox,2015,Sports,Nordic Games,0.02,0,0,0,0.02
15731,Final Fight: Streetwise,XB,XBox,2006,Action,Capcom,0.01,0,0,0,0.02
15732,Goblin Commander: Unleash the Horde,GC,Nintendo,2003,Strategy,Jaleco,0.01,0,0,0,0.02
15733,Super Speed Machines,DS,Nintendo,2009,Racing,Midas Interactive Entertainment,0.02,0,0,0,0.02
15734,Nano Diver,PSP,PS,2011,Action,Takara Tomy,0,0,0.02,0,0.02
15735,Elkrone no Atelier: Dear for Otomate,PSP,PS,2012,Action,Idea Factory,0,0,0.02,0,0.02
15736,DJ Star,DS,Nintendo,2009,Misc,Deep Silver,0.01,0,0,0,0.02
15737,Top Gear RPM Tuning,XB,XBox,2005,Racing,Wanadoo,0.01,0,0,0,0.02
15738,Cookie & Cream,DS,Nintendo,2007,Platform,505 Games,0.01,0,0,0,0.02
15739,Memories Off: Yubikiri no Kioku,X360,XBox,2010,Adventure,5pb,0,0,0.02,0,0.02
15740,Otometeki Koi Kakumei * Love Revo!! DS,DS,Nintendo,2008,Adventure,GungHo,0,0,0.02,0,0.02
15741,Clue / Mouse Trap / Perfection / Aggravation,DS,Nintendo,2006,Misc,Unknown,0.02,0,0,0,0.02
15742,Football Manager 2007,X360,XBox,2025,Sports,Sega,0,0.01,0,0,0.02
15743,TV Anime Idolm@ster: Cinderella Girls G4U! Pack Vol.4,PS3,PS,2015,Action,Namco Bandai Games,0,0,0.02,0,0.02
15744,Elven Legacy Collection,PC,PC,2010,Strategy,Paradox Interactive,0,0.01,0,0,0.02
15745,My Ballet Studio,DS,Nintendo,2009,Simulation,505 Games,0.01,0,0,0,0.02
15746,Postman Pat: Special Delivery Service,DS,Nintendo,2009,Misc,GSP,0,0.01,0,0,0.02
15747,Cross + Channel,PSP,PS,2010,Adventure,CyberFront,0,0,0.02,0,0.02
15748,LEGO Star Wars II: The Original Trilogy,PC,PC,2006,Action,Activision,0,0.01,0,0,0.02
15749,Summer Challenge: Athletics Tournament,Wii,Nintendo,2011,Sports,PQube,0,0.01,0,0,0.02
15750,Kochira Katsushikaku Kameari Kouenmae Hashutsujo: Machiteba Tengoku! Makereba Jigoku! Ryoutsuryuu Ikkakusenkin Daisakusen!,DS,Nintendo,2010,Misc,Namco Bandai Games,0,0,0.02,0,0.02
15751,Just Cause,PC,PC,2006,Action,Eidos Interactive,0,0.01,0,0,0.02
15752,Abunai: Koi no Sousa Shitsu,PSV,PS,2015,Action,Asgard,0,0,0.02,0,0.02
15753,Blazing Angels: Squadrons of WWII,PC,PC,2006,Simulation,Ubisoft,0.01,0,0,0,0.02
15754,Let's Yoga!,DS,Nintendo,2007,Misc,Konami Digital Entertainment,0,0,0.02,0,0.02
15755,Zero no Tsukaima: Muma ga Tsumugu Yokaze no Nocturne,PS2,PS,2007,Adventure,Marvelous Interactive,0,0,0.02,0,0.02
15756,Memories Off: Yubikiri no Kikou,PSP,PS,2011,Adventure,5pb,0,0,0.02,0,0.02
15757,L.G.S: Shinsetsu Houshinengi,PSP,PS,2012,Action,Idea Factory,0,0,0.02,0,0.02
15758,Battle Engine Aquila,XB,XBox,2003,Shooter,Atari,0.01,0,0,0,0.02
15759,Turbo: Super Stunt Squad,Wii,Nintendo,2013,Sports,D3Publisher,0,0.02,0,0,0.02
15760,Hurry Up Hedgehog!,DS,Nintendo,2009,Racing,O-Games,0.02,0,0,0,0.02
15761,Hands On! Tangrams,DS,Nintendo,2009,Puzzle,Storm City Games,0.02,0,0,0,0.02
15762,Puzzle Chronicles,DS,Nintendo,2010,Puzzle,Konami Digital Entertainment,0.01,0,0,0,0.02
15763,Discworld II: Mortality Bytes!,PS,PS,1996,Adventure,Psygnosis,0.01,0.01,0,0,0.02
15764,One Piece Mansion,PS,PS,2001,Action,Capcom,0.01,0.01,0,0,0.02
15765,Uchi no 3 Shimai DS,DS,Nintendo,2008,Misc,Culture Brain,0,0,0.02,0,0.02
15766,Divinity: Original Sin,PC,PC,2014,Role-Playing,Focus Home Interactive,0,0.02,0,0,0.02
15767,Soul Eater: Monotone Princess,Wii,Nintendo,2008,Action,Square Enix,0,0,0.02,0,0.02
15768,Strike Witches: Shirogane no Tsubasa,X360,XBox,2010,Strategy,CyberFront,0,0,0.02,0,0.02
15769,Big Idea's VeggieTales: LarryBoy and the Bad Apple,GBA,Nintendo,2006,Action,Crave Entertainment,0.01,0,0,0,0.02
15770,Still Life 2,PC,PC,2009,Adventure,Rondomedia,0,0.01,0,0,0.02
15771,Metal Fight Beyblade: Choujou Kessen! Big Bang Bladers,DS,Nintendo,2010,Action,Hudson Soft,0,0,0.02,0,0.02
15772,Clock Zero: Shuuen no Ichibyou - ExTime,PSV,PS,2015,Action,Idea Factory,0,0,0.02,0,0.02
15773,Moujuutsukai to Oujisama,PS2,PS,2010,Adventure,Idea Factory,0,0,0.02,0,0.02
15774,Root Infinity Rexx,PSV,PS,2015,Adventure,Idea Factory,0,0,0.02,0,0.02
15775,Cube,PSP,PS,2007,Puzzle,D3Publisher,0.02,0,0,0,0.02
15776,Shinseiki GPX Cyber Formula: Road To The INFINITY 4,PS2,PS,2007,Racing,Sunrise Interactive,0,0,0.02,0,0.02
15777,Army Men: Major Malfunction,XB,XBox,2006,Shooter,Global Star,0.01,0,0,0,0.02
15778,Dunamis 15,X360,XBox,2011,Adventure,5pb,0,0,0.02,0,0.02
15779,Sansuu Puzzle de Migaku: Gakken Otona no Shikou Sense,DS,Nintendo,2007,Misc,Gakken,0,0,0.02,0,0.02
15780,Worms World Party,PC,PC,2001,Strategy,Virgin Interactive,0,0.01,0,0,0.02
15781,Yoake Yori Ruriiro na Portable,PSP,PS,2010,Adventure,Kadokawa Shoten,0,0,0.02,0,0.02
15782,Big Bass Fishing,PS,PS,2002,Action,Take-Two Interactive,0,0,0.02,0,0.02
15783,Reine des Fleurs,PSV,PS,2015,Action,Idea Factory,0,0,0.02,0,0.02
15784,Gears of War,PC,PC,2007,Shooter,Microsoft Game Studios,0,0.01,0,0,0.02
15785,Densha de Go! Shinkansen EX: Sanyou Shinkansen-hen,Wii,Nintendo,2007,Simulation,Taito,0,0,0.02,0,0.02
15786,Namco Museum 50th Anniversary (JP sales),PS2,PS,2005,Misc,Namco Bandai Games,0,0,0.02,0,0.02
15787,Gummy Bears Magical Medallion,Wii,Nintendo,2011,Platform,Storm City Games,0.02,0,0,0,0.02
15788,Colin McRae Rally 2005,PC,PC,2004,Racing,Codemasters,0,0.01,0,0,0.02
15789,Mana Khemia 2: Ochita Gakuen to Renkinjutsushi Tachi Portable+,PSP,PS,2009,Role-Playing,Gust,0,0,0.02,0,0.02
15790,LEGO Star Wars: The Video Game,PC,PC,2005,Action,Eidos Interactive,0,0.01,0,0,0.02
15792,Dark Void,PC,PC,2010,Action,Capcom,0,0.01,0,0,0.02
15793,Chou!! Super Nep League DS,DS,Nintendo,2008,Sports,Jaleco,0,0,0.02,0,0.02
15794,Irritating Stick,PS,PS,1998,Action,Saurus,0.01,0.01,0,0,0.02
15795,WTA Tour Tennis,GBA,Nintendo,2002,Sports,Konami Digital Entertainment,0.01,0,0,0,0.02
15796,Kaleidoeve,PSV,PS,2015,Adventure,HuneX,0,0,0.02,0,0.02
15797,Judge Dredd: Dredd Vs Death,XB,XBox,2003,Shooter,Vivendi Games,0.01,0,0,0,0.02
15798,Star Trek: Legacy,PC,PC,2006,Simulation,Ubisoft,0,0.01,0,0,0.02
15799,NHL 16,X360,XBox,2015,Sports,Electronic Arts,0,0.02,0,0,0.02
15800,Wall-E,PC,PC,2008,Platform,THQ,0,0.01,0,0,0.02
15801,Simple 2000 Series Vol. 105: The Maid Fuku to Kikanjuu,PS2,PS,2006,Action,D3Publisher,0,0,0.02,0,0.02
15802,Davis Cup Tennis,GBA,Nintendo,2002,Sports,Ubisoft,0.01,0,0,0,0.02
15803,Pro Rally,GC,Nintendo,2002,Racing,Ubisoft,0.01,0,0,0,0.02
15804,XCOM 2,XOne,XBox,2016,Strategy,Take-Two Interactive,0.01,0.01,0,0,0.02
15805,Football Academy,DS,Nintendo,2009,Sports,Electronic Arts,0,0.01,0,0,0.02
15806,Kimi ni Todoke: Sodateru Omoi,DS,Nintendo,2009,Adventure,Banpresto,0,0,0.02,0,0.02
15807,Call of Duty: Modern Warfare Trilogy,X360,XBox,2016,Shooter,Activision,0.01,0.01,0,0,0.02
15808,Let's Pilates!,DS,Nintendo,2007,Misc,Konami Digital Entertainment,0.02,0,0,0,0.02
15809,Memories Off #5: Encore,PS2,PS,2007,Adventure,CyberFront,0,0,0.02,0,0.02
15810,Brave Story: Boku no Kioku to Negai,DS,Nintendo,2006,Role-Playing,Namco Bandai Games,0,0,0.02,0,0.02
15811,Zombie Hunters 2,PS2,PS,2006,Action,Essential Games,0,0,0.02,0,0.02
15812,WRC 5: FIA World Rally Championship,X360,XBox,2015,Sports,Bigben Interactive,0,0.02,0,0,0.02
15813,Custom Drive,PSP,PS,2012,Action,D3Publisher,0,0,0.02,0,0.02
15814,Ferrari: The Race Experience,Wii,Nintendo,2010,Racing,System 3 Arcade Software,0,0.01,0,0,0.02
15815,Tsuyo Kiss 2 Gakki: Swift Love,PS2,PS,2009,Adventure,Revolution (Japan),0,0,0.02,0,0.02
15816,Achtung Panzer: Kharkov 1943,PC,PC,2010,Strategy,Mamba Games,0,0.01,0,0,0.02
15817,Konductra,DS,Nintendo,2006,Puzzle,O3 Entertainment,0.02,0,0,0,0.02
15818,Samurai Jack: The Shadow of Aku,GC,Nintendo,2004,Action,Sega,0.01,0,0,0,0.02
15819,Winning Post 7 2013,PSV,PS,2013,Sports,Tecmo Koei,0,0,0.02,0,0.02
15820,Platypus,PSP,PS,2006,Shooter,Funsta,0.02,0,0,0,0.02
15821,Command & Conquer 4: Tiberian Twilight,PC,PC,2010,Strategy,Electronic Arts,0,0.01,0,0,0.02
15822,The Incredibles: Rise of the Underminer,PC,PC,2005,Action,THQ,0.01,0,0,0,0.02
15823,Winter Sports 3: The Great Tournament,X360,XBox,2010,Sports,Tradewest,0,0.01,0,0,0.02
15824,Farm Frenzy,PC,PC,2008,Strategy,Mumbo Jumbo,0.01,0,0,0,0.02
15825,Ore wa Shoujo Mangaka,PSP,PS,2012,Action,Giza10,0,0,0.02,0,0.02
15826,Busou Renkin: Youkoso Papillon Park e,PS2,PS,2007,Action,Marvelous Interactive,0,0,0.02,0,0.02
15827,A Vampyre Story,PC,PC,2008,Adventure,Crimson Cow,0,0.01,0,0,0.02
15828,Puyo Puyo Tetris,WiiU,Nintendo,2014,Puzzle,Sega,0,0,0.02,0,0.02
15829,Exhibition Volume 6,XB,XBox,2004,Misc,Microsoft Game Studios,0.01,0,0,0,0.02
15830,Oshiri Kajiri Mushi no Rhythm Lesson DS: Kawai Ongaku Kyoushitsu Kanshuu,DS,Nintendo,2008,Misc,Sega,0,0,0.02,0,0.02
15831,The Haunted: Hell's Reach,PC,PC,2011,Shooter,Visco,0.02,0,0,0,0.02
15832,Phoenix Wright: Ace Attorney Trilogy,3DS,Nintendo,2014,Adventure,Capcom,0,0,0.02,0,0.02
15833,Kuma no Pooh-San: 100 Acre no Mori no Cooking Book,DS,Nintendo,2011,Misc,Disney Interactive Studios,0,0,0.02,0,0.02
15834,LifeSigns: Surgical Unit,DS,Nintendo,2005,Simulation,JoWood Productions,0.01,0.01,0,0,0.02
15835,I Love Horses: Rider's Paradise,Wii,Nintendo,2010,Simulation,Destineer,0.02,0,0,0,0.02
15836,Kao the Kangaroo Round 2,GC,Nintendo,2005,Platform,JoWood Productions,0.01,0,0,0,0.02
15837,Majesty 2 Collection,PC,PC,2011,Strategy,Paradox Interactive,0,0.01,0,0,0.02
15838,Sniper Elite,PC,PC,2005,Shooter,MC2 Entertainment,0,0.01,0,0,0.02
15839,The Dark Hills of Cherai,PC,PC,2009,Puzzle,Unknown,0,0.01,0,0,0.02
15840,FIFA Soccer 08,PC,PC,2007,Sports,Electronic Arts,0,0.01,0,0,0.02
15841,Zoey 101: Field Trip Fiasco,DS,Nintendo,2007,Action,THQ,0.02,0,0,0,0.02
15842,Dream C Club: GoGo,PS3,PS,2014,Adventure,D3Publisher,0,0,0.02,0,0.02
15843,Battle Spirits: Hero's Soul,PSP,PS,2010,Role-Playing,Namco Bandai Games,0,0,0.02,0,0.02
15844,Usavichi: Game no Jikan,DS,Nintendo,2011,Action,Namco Bandai Games,0,0,0.02,0,0.02
15845,Pachi-Slot Higrashi no Naku Koro ni Matsuri,PS2,PS,2010,Misc,Alchemist,0,0,0.02,0,0.02
15846,Otona no Renai Shousetsu: Harlequin Selection,DS,Nintendo,2010,Misc,Nintendo,0,0,0.02,0,0.02
15847,White Album 2: Shiawase no Mukougawa,PSV,PS,2013,Adventure,Aqua Plus,0,0,0.02,0,0.02
15848,W.L.O. Sekai Renai Kikousen,X360,XBox,2010,Adventure,5pb,0,0,0.02,0,0.02
15849,Psychedelica of the Black Butterfly,PSV,PS,2015,Action,Idea Factory,0,0,0.02,0,0.02
15850,Final Fantasy XI: All-In-One Pack 2006,X360,XBox,2006,Role-Playing,Square Enix,0,0,0.02,0,0.02
15851,Joint Operations: Combined Arms,PC,PC,2009,Shooter,NovaLogic,0.01,0,0,0,0.02
15852,Poupee Girl DS 2: Elegant Mint / Sweet Pink Style,DS,Nintendo,2010,Misc,Alvion,0,0,0.02,0,0.02
15853,Winning Post 7: Maximum 2007,PS3,PS,2007,Sports,Tecmo Koei,0,0,0.02,0,0.02
15854,Monster Trux Offroad,Wii,Nintendo,2007,Racing,Popcorn Arcade,0.01,0,0,0,0.02
15855,Assault Suit Leynos,PS4,PS,2016,Shooter,Rising Star Games,0.01,0,0,0,0.02
15856,Dragon Booster,DS,Nintendo,2005,Shooter,Konami Digital Entertainment,0.02,0,0,0,0.02
15857,Germany's Next Topmodel 2011,DS,Nintendo,2011,Simulation,7G//AMES,0,0.01,0,0,0.02
15858,Drakensang: The Dark Eye,PC,PC,2009,Role-Playing,Eidos Interactive,0.01,0,0,0,0.02
15859,Storm Lover 2nd,PSP,PS,2013,Misc,D3Publisher,0,0,0.02,0,0.02
15860,Kadenz fermata//Akkord:fortissimo,PSV,PS,2014,Adventure,5pb,0,0,0.02,0,0.02
15861,DuckTales: Remastered,PC,PC,2013,Action,Capcom,0,0.01,0,0,0.02
15862,Transformers: Prime,Wii,Nintendo,2012,Action,Activision,0,0.01,0,0,0.02
15863,Contrast,PC,PC,2013,Platform,Focus Home Interactive,0,0.01,0,0,0.02
15864,Arcana Famiglia 2,PSP,PS,2013,Adventure,Comfort,0,0,0.02,0,0.02
15865,Taishou Moebius Line Vitable,PSV,PS,2016,Adventure,dramatic create,0,0,0.02,0,0.02
15866,Gaist Crusher God,3DS,Nintendo,2014,Action,Capcom,0,0,0.02,0,0.02
15867,Shinkyoku Soukai Polyphonica,PS2,PS,2007,Adventure,Prototype,0,0,0.02,0,0.02
15869,San Goku Shi DS 2,DS,Nintendo,2007,Strategy,Tecmo Koei,0,0,0.02,0,0.02
15870,Strongest Tokyo University Shogi DS,DS,Nintendo,1985,Action,Mycom,0,0,0.02,0,0.02
15871,Shin Sangoku Musou Online: Souten Ranbu,PS3,PS,2010,Action,Tecmo Koei,0,0,0.02,0,0.02
15872,Elven Legacy,PC,PC,2009,Strategy,Paradox Interactive,0.01,0,0,0,0.02
15873,V-Rally 3,XB,XBox,2003,Racing,Atari,0.01,0,0,0,0.02
15874,Full House Kiss 2,PS2,PS,2006,Adventure,Capcom,0,0,0.02,0,0.02
15875,Dead to Rights,GBA,Nintendo,2004,Shooter,Zoo Digital Publishing,0.01,0,0,0,0.02
15876,Thunder Force VI,PS2,PS,2008,Shooter,Sega,0,0,0.02,0,0.02
15877,Majesty 2: The Fantasy Kingdom Sim,PC,PC,2009,Simulation,Paradox Interactive,0.01,0,0,0,0.02
15878,Turbo: Super Stunt Squad,3DS,Nintendo,2013,Sports,D3Publisher,0,0.01,0,0,0.02
15879,Dinotopia: The Sunstone Odyssey,GC,Nintendo,2003,Action,Unknown,0.01,0,0,0,0.02
15880,Daito Giken Koushiki Pachi-Slot Simulator: Ossu! Misao + Maguro Densetsu Portable,PSP,PS,2010,Misc,Paon,0,0,0.02,0,0.02
15881,Dance! It's Your Stage,Wii,Nintendo,1999,Misc,DTP Entertainment,0,0.01,0,0,0.02
15882,PachiPara 3D,3DS,Nintendo,2011,Misc,Irem Software Engineering,0,0,0.02,0,0.02
15883,Command & Conquer Collection,PC,PC,2003,Strategy,Electronic Arts,0.01,0,0,0,0.02
15884,Kiss Bell,PSV,PS,2014,Adventure,Giga,0,0,0.02,0,0.02
15885,Earth Defense Force 2017 (old JP sales),X360,XBox,2006,Shooter,D3Publisher,0,0,0.02,0,0.02
15886,Sengoku Hime: Senran ni Mau Otometachi,PS2,PS,2009,Adventure,Yeti,0,0,0.02,0,0.02
15887,GTI Club: Supermini Festa!,Wii,Nintendo,2010,Racing,Konami Digital Entertainment,0.01,0,0,0,0.02
15888,MuvLuv Double Pack,PSV,PS,2016,Adventure,5pb,0,0,0.02,0,0.02
15889,Koihime Enbu,PS4,PS,2016,Fighting,Yeti,0,0,0.02,0,0.02
15890,Romance of the Three Kingdoms XII,WiiU,Nintendo,2012,Strategy,Tecmo Koei,0,0,0.02,0,0.02
15891,Worldwide Soccer Manager 2006,PC,PC,2004,Sports,Sega,0,0.01,0,0,0.02
15892,Sora no Otoshimono Forte: Dreamy Season,DS,Nintendo,2011,Adventure,Kadokawa Shoten,0,0,0.02,0,0.02
15893,Mission: Impossible - Operation Surma,GC,Nintendo,2004,Platform,Atari,0.01,0,0,0,0.02
15894,Trigger Man,GC,Nintendo,2004,Shooter,Crave Entertainment,0.01,0,0,0,0.02
15895,Yuu Yuu Hakusho DS: Ankoku Bujutsukai Hen,DS,Nintendo,2006,Action,Takara Tomy,0,0,0.02,0,0.02
15896,Hiiro no Kakera Portable,PSP,PS,2008,Adventure,Idea Factory,0,0,0.02,0,0.02
15897,Antz Extreme Racing,XB,XBox,2002,Racing,Empire Interactive,0.01,0,0,0,0.02
15898,Enemy Territory: Quake Wars,PC,PC,2007,Shooter,Activision,0.01,0,0,0,0.02
15899,Truck Racer,Wii,Nintendo,2009,Racing,Nordic Games,0,0.01,0,0,0.02
15900,The Sims 4: Luxury Party Stuff,PC,PC,2015,Simulation,Electronic Arts,0,0.01,0,0,0.02
15901,"Nogizaka Haruka no Himitsu Cosplay, Hajime Mashita",PS2,PS,2008,Adventure,ASCII Media Works,0,0,0.02,0,0.02
15902,Triggerheart Exelica,DC,Sega,2007,Shooter,Warashi,0,0,0.02,0,0.02
15903,Jet Impulse,DS,Nintendo,2007,Simulation,Nintendo,0,0,0.02,0,0.02
15904,Games Explosion!,GBA,Nintendo,2006,Action,THQ,0.01,0,0,0,0.02
15905,Tennis no Oji-Sama: Card Hunter,PS2,PS,2007,Strategy,Konami Digital Entertainment,0,0,0.02,0,0.02
15906,Portable Island: Tenohira Resort,PSP,PS,2006,Simulation,Namco Bandai Games,0,0,0.02,0,0.02
15907,Night Wizard the Video Game: Denial of the World,PS2,PS,2008,Adventure,5pb,0,0,0.02,0,0.02
15908,Sengoku Efuda Yuugi: Hototogisu Ran,PSP,PS,2008,Misc,Irem Software Engineering,0,0,0.02,0,0.02
15909,Tokyo Friend Park II DS,DS,Nintendo,2006,Misc,Rocket Company,0,0,0.02,0,0.02
15910,Saenai Kanojo no Sodatekata: Blessing Flowers,PSV,PS,2015,Action,5pb,0,0,0.02,0,0.02
15911,Adventure Time: The Secret of the Nameless,3DS,Nintendo,2014,Adventure,Little Orbit,0.01,0,0,0,0.02
15912,Kao the Kangaroo Round 2,PS2,PS,2005,Platform,JoWood Productions,0.01,0.01,0,0,0.02
15913,Shin Hisui no Shizuku: Hiiro no Kakera 2 Portable,PSP,PS,2010,Adventure,Idea Factory,0,0,0.02,0,0.02
15914,Robopon 2: Ring Version,GBA,Nintendo,2001,Role-Playing,Hudson Entertainment,0.01,0,0,0,0.02
15915,Evil Genius,PC,PC,2004,Strategy,Vivendi Games,0,0.01,0,0,0.02
15916,Dragon Tales: Dragon Adventures,GBA,Nintendo,2003,Platform,NewKidCo,0.01,0,0,0,0.02
15917,Moe Moe 2-ji Taisen (Ryoku) * Deluxe,PSP,PS,2008,Adventure,System Soft,0,0,0.02,0,0.02
15918,Dream Dancer,DS,Nintendo,2010,Misc,Konami,0.01,0,0,0,0.02
15919,Powerbike,DS,Nintendo,2009,Racing,Majesco Entertainment,0.01,0,0,0,0.02
15920,Violet no Atelier: Gramnad no Renkinjutsushi 2 - Gunjou no Omoide,PSP,PS,2011,Role-Playing,Gust,0,0,0.02,0,0.02
15921,Magic Encyclopedia: Moonlight,DS,Nintendo,2010,Misc,Foreign Media Games,0,0.01,0,0,0.02
15922,Rayman 10th Anniversary,GBA,Nintendo,2005,Platform,Ubisoft,0.01,0,0,0,0.02
15923,Elminage II DS Remix: Sousei no Megami to Unmai no Daichi,DS,Nintendo,2010,Role-Playing,Starfish,0,0,0.02,0,0.02
15924,Online Chess Kingdoms,PSP,PS,2006,Misc,Konami Digital Entertainment,0.01,0,0,0,0.02
15925,Gaku ? Ou: The Royal Seven Stars,PSP,PS,2012,Role-Playing,Alchemist,0,0,0.02,0,0.02
15926,Pillars of Eternity,PC,PC,2014,Role-Playing,Paradox Interactive,0,0.01,0,0,0.02
15927,RollerCoaster Tycoon: Gold Edition,PC,PC,2002,Strategy,Infogrames,0.01,0,0,0,0.02
15928,Professional Farmer 2016,PS4,PS,2015,Action,Namco Bandai Games,0,0.01,0,0,0.02
15929,Storm Lover Kai!!,PSP,PS,2012,Action,D3Publisher,0,0,0.02,0,0.02
15930,Race Driver: Create & Race,DS,Nintendo,2007,Racing,Codemasters,0.01,0,0,0,0.02
15931,Nurarihyon no Mago: Hyakki Ryouran Taisen,PS3,PS,2011,Fighting,Konami Digital Entertainment,0,0,0.02,0,0.02
15932,Minna to Issho,PSV,PS,2011,Misc,Sony Computer Entertainment,0,0,0.02,0,0.02
15933,Harukanaru Toki no Naka de 6,PSP,PS,2015,Action,Tecmo Koei,0,0,0.02,0,0.02
15934,Hummer Badlands,XB,XBox,2006,Racing,Global Star,0.01,0,0,0,0.02
15935,I Doll U,PSV,PS,2015,Adventure,Idea Factory,0,0,0.02,0,0.02
15936,Enkaku Sousa: Sana e no 23 Hiai,PSP,PS,2009,Adventure,Sony Computer Entertainment,0,0,0.02,0,0.02
15937,Katekyoo Hitman Reborn! DS: Mafia Daishuugou Bongole Festival,DS,Nintendo,2008,Action,Takara Tomy,0,0,0.02,0,0.02
15938,Pippa Funnell 2: Farm Adventures,DS,Nintendo,2007,Simulation,Ubisoft,0,0.01,0,0,0.02
15939,Iron Soldier 3,PS,PS,1999,Simulation,Telegames,0.01,0.01,0,0,0.02
15940,Oyaku de Asoberu DS Ehon: Ukkari Penelope,DS,Nintendo,2008,Simulation,Tecmo Koei,0,0,0.02,0,0.02
15941,Space Invaders Revolution,DS,Nintendo,2005,Shooter,Rising Star Games,0.01,0,0,0,0.02
15942,Barbie and Her Sisters Puppy Rescue,PS3,PS,2015,Action,Namco Bandai Games,0,0.01,0,0,0.02
15943,Worms: WMD,PS4,PS,2016,Action,Sold Out,0.01,0.01,0,0,0.02
15944,Myst,PSP,PS,2006,Adventure,Midway Games,0,0.01,0,0,0.02
15945,UNO 52,DS,Nintendo,2006,Misc,Zoo Digital Publishing,0.01,0,0,0,0.02
15946,Tiger & Bunny: Hero's Day,PSP,PS,2013,Action,D3Publisher,0,0,0.02,0,0.02
15947,Storm Lover 2nd V,PSV,PS,2016,Adventure,D3Publisher,0,0,0.02,0,0.02
15948,Grisaia no Meikyuu: Le Labyrinthe de la Grisaia,PSV,PS,2014,Adventure,Prototype,0,0,0.02,0,0.02
15949,Touhou Genso Rondo: Bullet Ballet,PS4,PS,2016,Shooter,Nippon Ichi Software,0.01,0,0,0,0.02
15950,Accel World: Kasoku no Chouten,PS3,PS,2013,Adventure,Namco Bandai Games,0,0,0.02,0,0.02
15951,Poupee Girl DS,DS,Nintendo,2009,Misc,Alvion,0,0,0.02,0,0.02
15952,Pachinko Kaou: Misora Hibari,PS2,PS,2007,Misc,Hackberry,0,0,0.02,0,0.02
15953,Just Cause,PS2,PS,2006,Action,Eidos Interactive,0.01,0.01,0,0,0.02
15954,Choro Q,PS2,PS,2003,Racing,Zoo Digital Publishing,0.01,0.01,0,0,0.02
15955,Narcissus: Moshimo Ashita ga Runara,PSP,PS,2010,Adventure,Kadokawa Shoten,0,0,0.02,0,0.02
15956,Girl Friend Beta: Kimi to Sugosu Natsuyasumi,PSV,PS,2015,Action,Namco Bandai Games,0,0,0.02,0,0.02
15957,IHRA Drag Racing: Sportsman Edition,XB,XBox,2006,Racing,Bethesda Softworks,0.01,0,0,0,0.02
15958,"Sharin no Kuni, Himawari no Shoujo",X360,XBox,2010,Adventure,5pb,0,0,0.02,0,0.02
15959,Guild Wars: Factions,PC,PC,2006,Role-Playing,NCSoft,0,0.01,0,0,0.02
15960,Simple DS Series Vol. 42: The Haioku Byoutou,DS,Nintendo,2008,Adventure,D3Publisher,0,0,0.02,0,0.02
15961,Drone Tactics,DS,Nintendo,2007,Strategy,Success,0.01,0,0,0,0.02
15962,Technic Beat,PS2,PS,2002,Misc,Arika,0.01,0.01,0,0,0.02
15963,So-Ra-No-Wo-To: Otome no Gojuusou,PSP,PS,2010,Adventure,Compile Heart,0,0,0.02,0,0.02
15964,Farming Simulator 2014,PSV,PS,2014,Simulation,Focus Home Interactive,0.01,0,0,0,0.02
15965,Imperium Romanum,PC,PC,2008,Strategy,Kalypso Media,0,0.01,0,0,0.02
15966,Ship Simulator 2008,PC,PC,2007,Simulation,Lighthouse Interactive,0,0.01,0,0,0.02
15967,Curse of the Amsterdam Diamond,DS,Nintendo,2012,Puzzle,Easy Interactive,0,0.01,0,0,0.02
15968,Sengoku,PC,PC,2011,Strategy,Paradox Interactive,0,0.01,0,0,0.02
15969,Yume Neko DS,DS,Nintendo,2008,Simulation,Sega,0,0,0.02,0,0.02
15970,Dream C Club,PS3,PS,2012,Simulation,D3Publisher,0,0,0.02,0,0.02
15971,IGT Slots: Lucky Larry's Lobstermania,PC,PC,2011,Simulation,Masque Publishing,0.01,0,0,0,0.02
15972,Sid Meier's Civilization Revolution 2+,PSV,PS,2015,Strategy,Take-Two Interactive,0,0,0.02,0,0.02
15973,SBK Superbike World Championship,PS2,PS,2008,Racing,Black Bean Games,0.01,0.01,0,0,0.02
15974,Memories Off 6: Next Relation,PS2,PS,2009,Adventure,5pb,0,0,0.02,0,0.02
15975,Scared Rider Xechs,PS2,PS,2010,Adventure,RED Entertainment,0,0,0.02,0,0.02
15976,Vitamin X: Detective B6,PSP,PS,2012,Adventure,D3Publisher,0,0,0.02,0,0.02
15977,Misshitsu no Sacrifice,PSP,PS,2010,Adventure,D3Publisher,0,0,0.02,0,0.02
15978,You Don't Know Jack,PC,PC,1995,Misc,Vivendi Games,0.01,0,0,0,0.02
15979,Ouran Koukou Host Bu,PS2,PS,2007,Adventure,Idea Factory,0,0,0.02,0,0.02
15980,Lotus Challenge,GC,Nintendo,2004,Racing,Ignition Entertainment,0.01,0,0,0,0.02
15981,Meiji Toukyou Renka: Twilight Kiss,PSP,PS,2015,Action,Broccoli,0,0,0.02,0,0.02
15982,Xblaze: Lost Memories,PS3,PS,2015,Adventure,Arc System Works,0.01,0,0,0,0.02
15983,Turok,PC,PC,2008,Action,Touchstone,0,0.01,0,0,0.01
15984,Coven and Labyrinth of Refrain,PSV,PS,2016,Action,Nippon Ichi Software,0,0,0.01,0,0.01
15985,Super Battle For Money Sentouchuu: Kyuukyoku no Shinobu to Battle Player Choujou Kessen!,3DS,Nintendo,2016,Action,Namco Bandai Games,0,0,0.01,0,0.01
15986,Dragon Zakura DS,DS,Nintendo,2007,Misc,Electronic Arts,0,0,0.01,0,0.01
15987,Chameleon: To Dye For!,DS,Nintendo,2006,Puzzle,505 Games,0.01,0,0,0,0.01
15988,Hotel Giant DS,DS,Nintendo,2008,Simulation,Nobilis,0,0.01,0,0,0.01
15989,Sora no Otoshimono: DokiDoki Summer Vacation,PSP,PS,2010,Adventure,Kadokawa Shoten,0,0,0.01,0,0.01
15990,Blackthorne,GBA,Nintendo,2003,Action,Activision,0.01,0,0,0,0.01
15991,Don Bradman Cricket 14,X360,XBox,2014,Sports,Tru Blu Entertainment,0,0.01,0,0,0.01
15992,DokuSui: DokiDoki Suikoden,PSP,PS,2011,Role-Playing,Irem Software Engineering,0,0,0.01,0,0.01
15993,Shinseiki Evangelion: Battle Orchestra Portable,PSP,PS,2009,Fighting,Broccoli,0,0,0.01,0,0.01
15994,Donkey Kong Jungle Beat,Wii,Nintendo,2008,Platform,Nintendo,0,0.01,0,0,0.01
15995,Bomberman (jp sales),PSP,PS,2006,Puzzle,Konami Digital Entertainment,0,0,0.01,0,0.01
15996,Blazblue: Continuum Shift Extend,PSP,PS,2012,Fighting,Arc System Works,0,0,0.01,0,0.01
15997,S.Y.K: Shinsetsu Saiyuuki,PS2,PS,2009,Adventure,Idea Factory,0,0,0.01,0,0.01
15998,Football Manager Live,PC,PC,2009,Sports,Sega,0,0.01,0,0,0.01
15999,Captain Morgane and the Golden Turtle,Wii,Nintendo,2012,Adventure,Reef Entertainment,0,0.01,0,0,0.01
16000,Black Cat,PS2,PS,2006,Action,Capcom,0,0,0.01,0,0.01
16001,One Piece: Daikaizoku Coliseum,3DS,Nintendo,2016,Fighting,Namco Bandai Games,0,0,0.01,0,0.01
16002,Mortal Kombat,PC,PC,1994,Fighting,Acclaim Entertainment,0.01,0,0,0,0.01
16003,Smart Kid's Mega Game Mix,DS,Nintendo,2009,Misc,UFO Interactive,0.01,0,0,0,0.01
16004,Diary Girl,DS,Nintendo,2008,Misc,Konami Digital Entertainment,0.01,0,0,0,0.01
16005,Red Stone DS: Akaki Ishi ni Michibikareshi Monotachi,DS,Nintendo,2011,Role-Playing,Unknown,0,0,0.01,0,0.01
16006,Serious Sam II,PC,PC,2005,Shooter,Take-Two Interactive,0,0.01,0,0,0.01
16007,Wand of Fortune: Mirai e no Prologue Portable,PSP,PS,2010,Adventure,Idea Factory,0,0,0.01,0,0.01
16008,Sengoku Hime: Senran ni Mau Otometachi,PSP,PS,2009,Adventure,Yeti,0,0,0.01,0,0.01
16009,Secret Game Portable,PSP,PS,2010,Adventure,Yeti,0,0,0.01,0,0.01
16010,Demon Gaze 2,PSV,PS,2014,Role-Playing,Experience Inc.,0,0,0.01,0,0.01
16011,Neverwinter Nights 2: Mask of the Betrayer,PC,PC,2007,Role-Playing,Atari,0,0.01,0,0,0.01
16012,Kimi no Yuusha,DS,Nintendo,2008,Role-Playing,SNK Playmore,0,0,0.01,0,0.01
16013,Call of Juarez,PC,PC,2006,Shooter,Ubisoft,0,0.01,0,0,0.01
16014,Tom Clancy's  Ghost Recon Advanced Warfighter (weekly JP sales),X360,XBox,2006,Shooter,Ubisoft,0,0,0.01,0,0.01
16015,UEFA Champions League 2006-2007,PSP,PS,2007,Sports,Electronic Arts,0.01,0,0,0,0.01
16016,Codename: Panzers Phase Two,PC,PC,2005,Strategy,CDV Software Entertainment,0,0.01,0,0,0.01
16017,Nobunaga no Yabou Online: Houou no Shou,PS3,PS,2012,Strategy,Ackkstudios,0,0,0.01,0,0.01
16018,Rise of Flight: Iron Cross Edition,PC,PC,2010,Simulation,Aerosoft,0.01,0,0,0,0.01
16019,Cosmetic Paradise: Make no Kiseki,DS,Nintendo,2008,Misc,Global A Entertainment,0,0,0.01,0,0.01
16020,Unreal Tournament 2003,PC,PC,2002,Shooter,Atari,0,0.01,0,0,0.01
16021,Nobunaga no Yabou DS,DS,Nintendo,2006,Strategy,Tecmo Koei,0,0,0.01,0,0.01
16022,God Eater Off Shot: Soma Shikkuzaru-hen Twin Pack & Animation Vol.4,PS4,PS,2016,Action,Namco Bandai Games,0,0,0.01,0,0.01
16023,Uppers,PSV,PS,2016,Action,Marvelous Entertainment,0,0,0.01,0,0.01
16024,Wand of Fortune Portable,PSP,PS,2010,Adventure,Idea Factory,0,0,0.01,0,0.01
16025,Wiffle Ball Advance,DS,Nintendo,2007,Sports,Zoo Digital Publishing,0.01,0,0,0,0.01
16026,Rengoku II: The Stairway to H.E.A.V.E.N. (jp sales),PSP,PS,2006,Action,Konami Digital Entertainment,0,0,0.01,0,0.01
16027,Simple DS Series Vol. 14: The Jidousha Kyoushuujo DS,DS,Nintendo,2007,Misc,D3Publisher,0,0,0.01,0,0.01
16028,The Last Remnant,PC,PC,2009,Role-Playing,Square Enix,0,0.01,0,0,0.01
16029,Ten Pin Alley 2,GBA,Nintendo,2004,Sports,XS Games,0.01,0,0,0,0.01
16030,Himawari: Pebble in the Sky Portable,PSP,PS,2010,Adventure,Kadokawa Shoten,0,0,0.01,0,0.01
16031,Wand of Fortune R,PSV,PS,2016,Adventure,Idea Factory,0,0,0.01,0,0.01
16032,Katekyoo Hitman Reborn Nerae!? Ring x Bongole Returns,PS2,PS,2008,Adventure,Marvelous Interactive,0,0,0.01,0,0.01
16033,My Little Baby,DS,Nintendo,2008,Simulation,CDV Software Entertainment,0,0.01,0,0,0.01
16034,Kono Aozora ni Yakusoku o: Tenohira no Rakuen,PSP,PS,2009,Adventure,TGL,0,0,0.01,0,0.01
16035,Shinobi Koutsutsu,PSP,PS,2014,Adventure,Idea Factory,0,0,0.01,0,0.01
16036,NiGHTS into dreams...,PS2,PS,2008,Platform,Sega,0,0,0.01,0,0.01
16037,WinBack 2: Project Poseidon,PS2,PS,2006,Shooter,Tecmo Koei,0.01,0.01,0,0,0.01
16038,Kaitou Rousseau,DS,Nintendo,2006,Action,Namco Bandai Games,0,0,0.01,0,0.01
16039,Utawarerumono: Futari no Hakuoro,PS3,PS,2016,Misc,Aqua Plus,0,0,0.01,0,0.01
16040,WRC 5: FIA World Rally Championship,XOne,XBox,2015,Sports,Bigben Interactive,0,0.01,0,0,0.01
16041,Totally Spies! Totally Party,PS2,PS,2008,Misc,Ubisoft,0.01,0.01,0,0,0.01
16042,GunParade Orchestra: Ao no Shou,PS2,PS,2006,Adventure,Sony Computer Entertainment,0,0,0.01,0,0.01
16043,Impossible Creatures,PC,PC,2002,Strategy,Microsoft Game Studios,0,0.01,0,0,0.01
16044,Puyo Pop Fever,GC,Nintendo,2004,Puzzle,Sega,0.01,0,0,0,0.01
16045,Wizardry XTH: Unlimited Students,PS2,PS,2006,Role-Playing,Michaelsoft,0,0,0.01,0,0.01
16046,Raven's Cry,PS4,PS,2015,Role-Playing,TopWare Interactive,0,0.01,0,0,0.01
16047,Instant Brain,X360,XBox,2011,Adventure,Cave,0,0,0.01,0,0.01
16048,Guitar Hero III: Legends of Rock,PC,PC,2007,Misc,Aspyr,0.01,0,0,0,0.01
16049,Blitzkrieg 2 Anthology,PC,PC,2008,Strategy,Ascaron Entertainment GmbH,0,0.01,0,0,0.01
16050,Rayman Raving Rabbids,PC,PC,2006,Misc,Ubisoft,0,0.01,0,0,0.01
16051,God Eater Off Shot:Shiou-hen Twin Pack & Animation Vol.5,PS4,PS,2016,Misc,Namco Bandai Games,0,0,0.01,0,0.01
16052,Abunai: Koi no Sousa Shitsu,PSP,PS,2012,Action,Quinrose,0,0,0.01,0,0.01
16053,Coronation Street: The Mystery of the Missing Hotpot Recipe,PC,PC,2011,Adventure,Avanquest,0,0.01,0,0,0.01
16054,Battle Worlds: Kronos,PC,PC,2016,Strategy,Nordic Games,0,0.01,0,0,0.01
16055,SoulLink Extension,PS2,PS,2006,Adventure,Interchannel,0,0,0.01,0,0.01
16056,Banjo-Kazooie,X360,XBox,2008,Platform,Microsoft Game Studios,0,0.01,0,0,0.01
16057,Samurai Shodown Anthology (JP sales),PS2,PS,2008,Fighting,Ignition Entertainment,0,0,0.01,0,0.01
16058,Winning Post 7 Maximum 2008,PS2,PS,2008,Sports,Tecmo Koei,0,0,0.01,0,0.01
16059,Sangoku Koi Senki: Otome no Heihou!,PS2,PS,2011,Adventure,Prototype,0,0,0.01,0,0.01
16062,Alfa Romeo Racing Italiano,PS2,PS,2005,Racing,Black Bean Games,0.01,0.01,0,0,0.01
16063,"Pachi-Slot Teiou: Golgo 13 Las Vegas (JP sales, but wrong system)",PS2,PS,2002,Misc,Media Entertainment,0,0,0.01,0,0.01
16064,Digger Simulator,PC,PC,2011,Simulation,Excalibur Publishing,0,0.01,0,0,0.01
16065,Turbo: Super Stunt Squad,X360,XBox,2013,Sports,D3Publisher,0,0.01,0,0,0.01
16066,Super Robot Taisen XO,X360,XBox,2006,Strategy,Banpresto,0,0,0.01,0,0.01
16067,Kaitou Joker: Toki o Koeru Kaitou to Ushinawareta Houseki,3DS,Nintendo,2015,Action,Namco Bandai Games,0,0,0.01,0,0.01
16068,Aquaman: Battle for Atlantis,XB,XBox,2003,Action,Unknown,0.01,0,0,0,0.01
16069,Pachitte Chonmage Tatsujin 16: Pachinko Hissatsu Shigotojin III,PS2,PS,2010,Misc,Hackberry,0,0,0.01,0,0.01
16070,IL-2 Sturmovik,PC,PC,2001,Simulation,Blue Byte,0,0.01,0,0,0.01
16071,Mortal Kombat: Tournament Edition,GBA,Nintendo,2003,Fighting,Midway Games,0.01,0,0,0,0.01
16072,SeaWorld Adventure Parks: Shamu's Deep Sea Adventure,XB,XBox,2005,Adventure,Activision,0.01,0,0,0,0.01
16073,East India Company,PC,PC,2009,Strategy,Paradox Interactive,0.01,0,0,0,0.01
16074,World Poker Tour,GBA,Nintendo,2005,Misc,Take-Two Interactive,0.01,0,0,0,0.01
16075,Sousaku Alice to Oujisama!,3DS,Nintendo,2015,Simulation,Happinet,0,0,0.01,0,0.01
16076,Empire Deluxe,PC,PC,1992,Strategy,New World Computing,0.01,0,0,0,0.01
16077,Umihara Kawase Jun: Second Edition Kanzenban,DS,Nintendo,2009,Puzzle,Genterprise,0,0,0.01,0,0.01
16078,Infinite Stratos 2: Love and Purge,PSV,PS,2015,Action,5pb,0,0,0.01,0,0.01
16079,Fab 5 Soccer,DS,Nintendo,2008,Sports,Destineer,0.01,0,0,0,0.01
16080,Destiny Links,DS,Nintendo,2009,Role-Playing,Namco Bandai Games,0,0,0.01,0,0.01
16081,Best Of Tests,DS,Nintendo,2008,Puzzle,Conspiracy Entertainment,0.01,0,0,0,0.01
16082,Egg Mania: Eggstreme Madness,XB,XBox,2002,Puzzle,Kemco,0.01,0,0,0,0.01
16083,Virtua Tennis 3,PC,PC,2007,Sports,Sega,0,0.01,0,0,0.01
16084,Pro Angler Moves,PS3,PS,2012,Sports,"Interworks Unlimited, Inc.",0.01,0,0,0,0.01
16085,Sakura Sakura: Haru Urara,PSP,PS,2010,Adventure,GN Software,0,0,0.01,0,0.01
16086,Uta no * Prince-Sama: Sweet Serenade,PSP,PS,2011,Adventure,Broccoli,0,0,0.01,0,0.01
16087,The Legend of Heroes: Trails in the Sky Third Chapter,PS3,PS,2013,Role-Playing,Falcom Corporation,0,0,0.01,0,0.01
16088,Road Trip: Shifting Gears,GBA,Nintendo,2002,Racing,Zoo Digital Publishing,0.01,0,0,0,0.01
16089,"Iza, Shutsujin! Koisen",PSP,PS,2011,Adventure,Quinrose,0,0,0.01,0,0.01
16090,Major Dream: Major Wii Nagero! Gyroball!!,Wii,Nintendo,2008,Sports,Takara Tomy,0,0,0.01,0,0.01
16091,Hiiro no Kakera: Shin Tamayori Hime Denshou,PS2,PS,2009,Adventure,Idea Factory,0,0,0.01,0,0.01
16092,Datenshi no Amai Yuuwaku x Kaikan Phrase,DS,Nintendo,2010,Adventure,FuRyu,0,0,0.01,0,0.01
16093,Honda ATV Fever,DS,Nintendo,2010,Racing,Storm City Games,0.01,0,0,0,0.01
16094,Grooverider: Slot Car Thunder,XB,XBox,2003,Racing,Encore,0.01,0,0,0,0.01
16095,Superstars V8 Racing,X360,XBox,2009,Racing,Black Bean Games,0,0.01,0,0,0.01
16096,Grand Theft Auto III,PC,PC,2002,Action,Take-Two Interactive,0,0.01,0,0,0.01
16097,Bakumatsu Koihana: Shinsengumi DS,DS,Nintendo,2008,Adventure,D3Publisher,0,0,0.01,0,0.01
16098,Resident Evil 5 HD,PS4,PS,2016,Action,Capcom,0.01,0,0,0,0.01
16099,Miyako: Awayuki no Utage,PSP,PS,2012,Action,Idea Factory,0,0,0.01,0,0.01
16100,Super PickUps,Wii,Nintendo,2009,Racing,XS Games,0.01,0,0,0,0.01
16101,Ben 10 Omniverse 2,X360,XBox,2013,Action,Namco Bandai Games,0,0.01,0,0,0.01
16102,Rewrite,PSV,PS,2014,Adventure,Prototype,0,0,0.01,0,0.01
16103,Konami Classics Vol. 2,X360,XBox,2009,Misc,Konami Digital Entertainment,0.01,0,0,0,0.01
16104,Aeon Flux,XB,XBox,2005,Action,THQ,0.01,0,0,0,0.01
16105,Tobidase! Kagaku-kun Chikyuu Daitanken! Nazo no Chinkai Seibutsu ni Idome!,DS,Nintendo,2011,Misc,Namco Bandai Games,0,0,0.01,0,0.01
16106,Kana: Imouto,PSP,PS,2010,Adventure,CyberFront,0,0,0.01,0,0.01
16107,Barbie and Her Sisters Puppy Rescue,WiiU,Nintendo,2015,Action,Namco Bandai Games,0,0.01,0,0,0.01
16108,Rock N' Roll Racing,SNES,Nintendo,1993,Racing,Interplay,0,0,0.01,0,0.01
16109,Higurashi no Naku Koro ni Iki,PS3,PS,2015,Action,Kaga Create,0,0,0.01,0,0.01
16110,Marginal #4: Idol of Supernova,PSV,PS,2014,Adventure,Idea Factory,0,0,0.01,0,0.01
16111,Nodame Cantabile,PS2,PS,2007,Misc,Banpresto,0,0,0.01,0,0.01
16112,Paranormal Pursuit: The Gifted One,PC,PC,2015,Action,Alawar Entertainment,0,0.01,0,0,0.01
16113,DoDonPachi Saidaioujou,X360,XBox,2013,Shooter,Cave,0,0,0.01,0,0.01
16114,Last Escort: Club Katze,PS2,PS,2010,Adventure,D3Publisher,0,0,0.01,0,0.01
16115,1/2 Summer +,PSP,PS,2013,Adventure,Kaga Create,0,0,0.01,0,0.01
16116,Winning Post 7 Maximum 2008,PS3,PS,2008,Sports,Tecmo Koei,0,0,0.01,0,0.01
16117,Psycho-Pass,XOne,XBox,2014,Adventure,5pb,0,0,0.01,0,0.01
16118,Brain Exercise With Dr. Kawashima,PC,PC,2009,Puzzle,Namco Bandai Games,0,0.01,0,0,0.01
16119,Tears to Tiara: Kakan no Daichi Portable,PSP,PS,2010,Adventure,Aqua Plus,0,0,0.01,0,0.01
16120,Games Around the World,DS,Nintendo,2010,Misc,Zoo Games,0.01,0,0,0,0.01
16121,Football Manager 2005,PC,PC,2004,Sports,Sega,0,0.01,0,0,0.01
16122,Hitotsu Tobashi Renai V,PSV,PS,2015,Adventure,Kaga Create,0,0,0.01,0,0.01
16123,Ninja Gaiden Sigma 2,PSV,PS,2013,Action,Tecmo Koei,0,0,0.01,0,0.01
16124,Turbo Trainz,Wii,Nintendo,2012,Racing,Mastertronic,0,0.01,0,0,0.01
16125,Theatre Of War,PC,PC,2007,Strategy,Kalypso Media,0,0.01,0,0,0.01
16126,Nintendogs and Cats Golden Retriever and New Friends,3DS,Nintendo,2011,Action,Nintendo,0,0.01,0,0,0.01
16127,Young Justice: Legacy,X360,XBox,2013,Action,Namco Bandai Games,0,0.01,0,0,0.01
16128,Tantei Jinguuji Saburo DS: Fuserareta Shinjitsu,DS,Nintendo,2009,Adventure,Arc System Works,0,0,0.01,0,0.01
16129,Monster Rancher Advance 2,GBA,Nintendo,2002,Simulation,Tecmo Koei,0.01,0,0,0,0.01
16130,Madden NFL 13,PS3,PS,2012,Sports,Electronic Arts,0,0.01,0,0,0.01
16131,Voodoo Chronicles: First Sign,PC,PC,2011,Adventure,ValuSoft,0.01,0,0,0,0.01
16132,Umineko no Naku Koro ni Portable 1,PSP,PS,2011,Adventure,Alchemist,0,0,0.01,0,0.01
16133,Dr. Slump & Arale-Chan,DS,Nintendo,2008,Adventure,Namco Bandai Games,0,0,0.01,0,0.01
16134,Geten no Hana: Yume Akari,PSP,PS,2014,Misc,Tecmo Koei,0,0,0.01,0,0.01
16135,Festa!! Hyper Girls Party,PS2,PS,2006,Adventure,KID,0,0,0.01,0,0.01
16136,Collar x Malice,PSV,PS,2016,Action,Idea Factory,0,0,0.01,0,0.01
16137,Kikiite Hajimaru: Eigo Kaiwa Training - KikiTore,DS,Nintendo,2008,Misc,Benesse,0,0,0.01,0,0.01
16138,Vanark,PS,PS,1999,Shooter,Jaleco,0.01,0.01,0,0,0.01
16139,Dragon's Dogma Online: Season 2,PS4,PS,2016,Action,Capcom,0,0,0.01,0,0.01
16140,Game Book DS: Sword World 2.0,DS,Nintendo,2009,Role-Playing,Broccoli,0,0,0.01,0,0.01
16141,WTA Tour Tennis,XB,XBox,2002,Sports,Konami Digital Entertainment,0.01,0,0,0,0.01
16142,Norn + Nonette: Last Era,PSV,PS,2015,Action,Idea Factory,0,0,0.01,0,0.01
16143,BlazBlue: Calamity Trigger,PC,PC,2010,Fighting,PQube,0,0.01,0,0,0.01
16144,Furious Karting,XB,XBox,2003,Racing,Atari,0.01,0,0,0,0.01
16145,WSC REAL 09: World Snooker Championship,PS3,PS,2009,Sports,Deep Silver,0,0.01,0,0,0.01
16146,Harry Potter and the Chamber of Secrets,PC,PC,2002,Action,Electronic Arts,0,0.01,0,0,0.01
16147,Pet Shop Monogatari DS 2,DS,Nintendo,2010,Simulation,Taito,0,0,0.01,0,0.01
16148,Mystery Legends: Beauty and the Beast,PC,PC,2012,Puzzle,Focus Multimedia,0,0.01,0,0,0.01
16149,Fuuraiki 3,PSV,PS,2015,Action,Unknown,0,0,0.01,0,0.01
16150,Chokkan! Asonde Relaxuma,DS,Nintendo,2008,Action,Rocket Company,0,0,0.01,0,0.01
16151,Hot Wheels: Stunt Track Challenge / World Race,GBA,Nintendo,2006,Racing,"Destination Software, Inc",0.01,0,0,0,0.01
16152,Minna no Conveni,DS,Nintendo,2010,Simulation,Taito,0,0,0.01,0,0.01
16153,Accel World: Kasoku no Chouten,PSP,PS,2013,Adventure,Namco Bandai Games,0,0,0.01,0,0.01
16154,SoulCalibur Legends (JP sales),Wii,Nintendo,2007,Action,Namco Bandai Games,0,0,0.01,0,0.01
16155,Izumo 2,PS2,PS,2006,Adventure,GN Software,0,0,0.01,0,0.01
16156,Entaku no Seito: Students of Round,X360,XBox,2011,Role-Playing,ChunSoft,0,0,0.01,0,0.01
16157,Bratz: Forever Diamondz,PS2,PS,2006,Adventure,THQ,0.01,0.01,0,0,0.01
16158,Isshoni Gohan. Portable,PSP,PS,2013,Adventure,Boost On,0,0,0.01,0,0.01
16159,PC Engine Best Collention: Ginga Ojousama Densetsu Collection,PSP,PS,2008,Adventure,Hudson Soft,0,0,0.01,0,0.01
16160,King of Fighters 2002: Unlimited Match Tougeki Ver.,PS2,PS,2010,Fighting,SNK Playmore,0,0,0.01,0,0.01
16161,Monkey Madness: Island Escape,DS,Nintendo,2010,Action,Storm City Games,0.01,0,0,0,0.01
16162,Malice,XB,XBox,2004,Platform,Evolved Games,0.01,0,0,0,0.01
16163,Raven Squad: Operation Hidden Dagger,PC,PC,2009,Shooter,Evolved Games,0.01,0,0,0,0.01
16164,htoL#NiQ: The Firefly Diary,PSV,PS,2014,Platform,Nippon Ichi Software,0,0,0.01,0,0.01
16165,Tiger Woods PGA Tour 2005,PC,PC,2004,Sports,Electronic Arts,0,0.01,0,0,0.01
16166,Deus Ex,PC,PC,2000,Role-Playing,Eidos Interactive,0,0.01,0,0,0.01
16167,Rosario to Vampire: Tanabata no Miss Youkai Gakuen,DS,Nintendo,2008,Adventure,Capcom,0,0,0.01,0,0.01
16168,Ouka Sengoku Portable,PSP,PS,2012,Adventure,Alchemist,0,0,0.01,0,0.01
16169,Smiley World: Island Challenge,DS,Nintendo,2009,Puzzle,Zoo Digital Publishing,0.01,0,0,0,0.01
16170,Order Up!!,3DS,Nintendo,2011,Action,Funbox Media,0,0.01,0,0,0.01
16171,Wallace & Gromit: Curse of the Were-Rabbit,XB,XBox,2005,Adventure,Konami Digital Entertainment,0.01,0,0,0,0.01
16172,Hanayamata: Yosakoi Live,PSV,PS,2014,Adventure,Namco Bandai Games,0,0,0.01,0,0.01
16173,Shepherd's Crossing,PSP,PS,2009,Simulation,Success,0,0,0.01,0,0.01
16174,Dark Parables: The Exiled Prince,PC,PC,2011,Puzzle,Unknown,0,0.01,0,0,0.01
16175,Military History: Commander - Europe at War,DS,Nintendo,2009,Strategy,Slitherine Software,0,0.01,0,0,0.01
16176,Tactics Layer: Ritina Guard Senki,DS,Nintendo,2009,Strategy,D3Publisher,0,0,0.01,0,0.01
16177,We Sing 80s,Wii,Nintendo,2012,Misc,Nordic Games,0,0.01,0,0,0.01
16178,Republique,PS4,PS,2016,Action,Nippon Ichi Software,0,0.01,0.01,0,0.01
16179,San-X Character Channel: All-Star Daishuugou!,DS,Nintendo,2008,Action,MTO,0,0,0.01,0,0.01
16180,Rail Simulator,PC,PC,2007,Simulation,Electronic Arts,0,0.01,0,0,0.01
16181,Putty Squad,PS3,PS,2013,Platform,System 3,0,0.01,0,0,0.01
16182,Sega Golf Club: Miyazato San Kyoudai Naizou,PS3,PS,2006,Sports,Sega,0,0,0.01,0,0.01
16183,Rozen Maiden: Gebetgarten,PS2,PS,2007,Fighting,Taito,0,0,0.01,0,0.01
16184,Resistance Dual Pack,PS3,PS,2011,Shooter,Sony Computer Entertainment,0,0.01,0,0,0.01
16185,Princess Arthur,PSP,PS,2013,Misc,Idea Factory,0,0,0.01,0,0.01
16186,Sakura-Sou no Pet na Kanojo,PSP,PS,2013,Adventure,Kadokawa Games,0,0,0.01,0,0.01
16187,Fatal Fury: Battle Archives Volume 2 (JP sales),PS2,PS,2007,Fighting,SNK Playmore,0,0,0.01,0,0.01
16188,Tantei Jinguuji Saburo: Hai to Diamond,PSP,PS,2009,Adventure,Arc System Works,0,0,0.01,0,0.01
16189,BattleForge,PC,PC,2009,Strategy,Electronic Arts,0,0.01,0,0,0.01
16190,Jewel Quest II,PC,PC,2007,Puzzle,Avanquest,0,0.01,0,0,0.01
16191,Toro to Morimori,PS3,PS,2009,Misc,Sony Computer Entertainment,0,0,0.01,0,0.01
16192,Sonic & All-Stars Racing Transformed,PC,PC,2013,Racing,Sega,0,0.01,0,0,0.01
16193,Satisfashion,Wii,Nintendo,2010,Misc,Destineer,0.01,0,0,0,0.01
16194,Homeworld Remastered Collection,PC,PC,1999,Strategy,Sierra Studios,0,0.01,0,0,0.01
16195,Metal Slug Anthology,PS2,PS,2007,Shooter,Ignition Entertainment,0,0,0.01,0,0.01
16196,K-1 Grand Prix,PS,PS,1999,Fighting,Jaleco,0.01,0.01,0,0,0.01
16197,Shorts,DS,Nintendo,2015,Platform,Unknown,0.01,0,0,0,0.01
16198,Legoland,PC,PC,1999,Action,LEGO Media,0,0.01,0,0,0.01
16199,Rave Master: Special Attack Force!,GBA,Nintendo,2002,Fighting,Konami Digital Entertainment,0.01,0,0,0,0.01
16200,Simple 2000 Series Vol. 120: The Saigo no Nippon Tsuwamono,PS2,PS,2007,Strategy,D3Publisher,0,0,0.01,0,0.01
16202,Casper,GBA,Nintendo,2002,Adventure,Microids,0.01,0,0,0,0.01
16203,Hyakka Yakou,PSV,PS,2015,Action,Unknown,0,0,0.01,0,0.01
16204,Adventure Time: The Secret of the Nameless,X360,XBox,2014,Adventure,Little Orbit,0.01,0,0,0,0.01
16205,Hakuoki: Reimeiroku DS,DS,Nintendo,2012,Action,Idea Factory,0,0,0.01,0,0.01
16206,Shin Hayarigami 2,PSV,PS,2016,Adventure,Nippon Ichi Software,0,0,0.01,0,0.01
16207,Ro-Kyu-Bu! Secret Photo Op,PSV,PS,2014,Adventure,Kadokawa Games,0,0,0.01,0,0.01
16208,Caladrius,X360,XBox,2013,Shooter,Moss,0,0,0.01,0,0.01
16209,Who Wants to be a Millionaire: 2nd Edition,DS,Nintendo,2008,Misc,Ubisoft,0,0.01,0,0,0.01
16210,Duel Love: Koisuru Otome wa Shouri no Megami,DS,Nintendo,2008,Adventure,Namco Bandai Games,0,0,0.01,0,0.01
16211,Super Robot Monkey Team: Game Boy Advance Video Volume 1,GBA,Nintendo,2005,Misc,No release info found for 'Game Boy Advance Video'.,0.01,0,0,0,0.01
16212,Freekstyle,GBA,Nintendo,2003,Racing,Zoo Digital Publishing,0.01,0,0,0,0.01
16213,Groovin' Blocks,Wii,Nintendo,2009,Puzzle,Zoo Games,0.01,0,0,0,0.01
16214,Tomoyo After: It's a Wonderful Life CS Edition,PS2,PS,2007,Adventure,Prototype,0,0,0.01,0,0.01
16215,Gardening Guide: How to get Green Fingers,DS,Nintendo,2009,Misc,Mindscape,0,0.01,0,0,0.01
16216,Aa Megami-samaa,PS2,PS,2007,Adventure,Marvelous Interactive,0,0,0.01,0,0.01
16217,Bunmei Kaika: Aoiza Ibunroku Saien,PSP,PS,2012,Action,FuRyu,0,0,0.01,0,0.01
16218,Tsukigime Ranko's Longest Day,PS3,PS,2014,Action,Namco Bandai Games,0,0.01,0,0,0.01
16219,Bakumatsu Rock,PSP,PS,2014,Action,Marvelous Entertainment,0,0,0.01,0,0.01
16220,Far East of Eden II: Manji Maru,DS,Nintendo,2006,Role-Playing,Hudson Soft,0,0,0.01,0,0.01
16221,Family Jockey,Wii,Nintendo,2008,Sports,Namco Bandai Games,0,0,0.01,0,0.01
16222,Thunder Alley,GBA,Nintendo,2004,Racing,XS Games,0.01,0,0,0,0.01
16223,Dynasty Warriors: Eiketsuden,PS4,PS,2016,Action,Tecmo Koei,0,0,0.01,0,0.01
16224,Spider-Man: Friend or Foe,PC,PC,2007,Action,Activision,0.01,0,0,0,0.01
16225,Carmageddon: Max Damage,XOne,XBox,2016,Action,Stainless Games,0.01,0.01,0,0,0.01
16226,Nyaruko-San: Nafushigatai Game no You na Mono,PSV,PS,2013,Adventure,5pb,0,0,0.01,0,0.01
16227,New Interpretation Stranger of Sword City,PSV,PS,2016,Role-Playing,Experience Inc.,0,0,0.01,0,0.01
16228,Soshite Kono Uchuu ni Kirameku Kimi no Shi XXX,PS2,PS,2007,Adventure,Datam Polystar,0,0,0.01,0,0.01
16229,Victory Spike,PS,PS,1996,Sports,Imagineer,0,0,0.01,0,0.01
16230,Sengoku Basara 2 Heroes,Wii,Nintendo,2007,Action,Capcom,0,0,0.01,0,0.01
16231,Double Sequence: The Q-Virus Invasion,DS,Nintendo,2008,Puzzle,Zoo Digital Publishing,0.01,0,0,0,0.01
16233,Hi Hi Puffy AmiYumi: The Genie & the Amp,DS,Nintendo,2006,Action,D3Publisher,0.01,0,0,0,0.01
16234,Densetsu no Yuusha no Densetsu: Legendary Saga,PSP,PS,2010,Role-Playing,Kadokawa Shoten,0,0,0.01,0,0.01
16235,Zero no Tsukaima: Maigo no Period to Ikusen no Symphony,PS2,PS,2008,Adventure,Marvelous Interactive,0,0,0.01,0,0.01
16236,Marvel: Ultimate Alliance,PC,PC,2006,Role-Playing,Activision,0.01,0,0,0,0.01
16237,Broken Sword 5: The Serpent's Curse,XOne,XBox,2015,Adventure,Revolution Software,0,0.01,0,0,0.01
16238,Shitsuji ga Aruji o Erabu Toki,PSV,PS,2016,Adventure,Unknown,0,0,0.01,0,0.01
16239,Batman: A Telltale Game Series,PS3,PS,2016,Adventure,Telltale Games,0,0.01,0,0,0.01
16240,Hiiro no Kakera: Shin Tamayori Hime Denshou Portable,PSP,PS,2010,Adventure,Idea Factory,0,0,0.01,0,0.01
16241,Kao the Kangaroo,GBA,Nintendo,2001,Platform,Titus,0.01,0,0,0,0.01
16242,Builder's Block,PS,PS,1999,Strategy,EON Digital Entertainment,0.01,0,0,0,0.01
16243,Seisou no Amazones,3DS,Nintendo,2013,Role-Playing,Arc System Works,0,0,0.01,0,0.01
16244,Phantasy Star Online 2 Episode 4: Deluxe Package,PSV,PS,2017,Role-Playing,Sega,0,0,0.01,0,0.01
16245,F.E.A.R. Perseus Mandate,PC,PC,2007,Shooter,Vivendi Games,0.01,0,0,0,0.01
16246,Mahjong Taikai IV,PS3,PS,2006,Misc,Tecmo Koei,0,0,0.01,0,0.01
16247,Valentino Rossi: The Game,PC,PC,2016,Racing,Namco Bandai Games,0,0.01,0,0,0.01
16248,FlatOut: Ultimate Carnage,PC,PC,2008,Racing,Empire Interactive,0,0.01,0,0,0.01
16249,Agarest Senki: Re-appearance,PS3,PS,2007,Role-Playing,Idea Factory,0,0,0.01,0,0.01
16250,Ultraman Fighting Evolution 0,PSP,PS,2006,Fighting,Banpresto,0,0,0.01,0,0.01
16251,Gokuhou!! Mecha Mote Iinchou: Girls Motekawa Box,DS,Nintendo,2009,Simulation,Konami Digital Entertainment,0,0,0.01,0,0.01
16252,Aquaman: Battle for Atlantis,GC,Nintendo,2003,Action,TDK Mediactive,0.01,0,0,0,0.01
16253,Strider (2014),PS3,PS,2014,Platform,Capcom,0,0,0.01,0,0.01
16254,Jinsei Game Q DS: Shouwa no Dekigoto,DS,Nintendo,2007,Misc,Takara Tomy,0,0,0.01,0,0.01
16255,The Book of Unwritten Tales 2,WiiU,Nintendo,2016,Adventure,Nordic Games,0,0.01,0,0,0.01
16256,Doraemon Wii: Himitsu Douguou Ketteisen!,Wii,Nintendo,2007,Misc,Sega,0,0,0.01,0,0.01
16257,Goku Makaimura Kai,PSP,PS,2007,Platform,Capcom,0,0,0.01,0,0.01
16258,No Fate! Only the Power of Will,X360,XBox,2010,Adventure,Alchemist,0,0,0.01,0,0.01
16259,Conflict: Denied Ops,PC,PC,2008,Shooter,Eidos Interactive,0,0.01,0,0,0.01
16260,Makai Senki Disgaea 3 Append Disc: Raspberyl-hen Hajime Mashita,PS3,PS,2009,Role-Playing,Nippon Ichi Software,0,0,0.01,0,0.01
16261,Championship Manager 2010,PC,PC,2009,Sports,Eidos Interactive,0,0.01,0,0,0.01
16262,Simple DS Series Vol. 41: The Bakudan Shori-Han,DS,Nintendo,2008,Action,D3Publisher,0,0,0.01,0,0.01
16263,Paragon,PS4,PS,2016,Action,Epic Games,0.01,0,0,0,0.01
16264,Naxat Soft Reachmania Vol. 1: CR Galaxy Angel,PS2,PS,2008,Misc,Naxat Soft,0,0,0.01,0,0.01
16265,"Hanayaka Kana, Ware ga Ichizoku",PSP,PS,2010,Adventure,Idea Factory,0,0,0.01,0,0.01
16266,Mamoru-kun wa Norowarete Shimatta!,X360,XBox,2009,Shooter,G.Rev,0,0,0.01,0,0.01
16267,Sengoku Hime 2 Arashi: Hyakubana Senran Tatsukaze no Gotoku,PSP,PS,2010,Strategy,System Soft,0,0,0.01,0,0.01
16268,Myself; Yourself,PS2,PS,2007,Adventure,Yeti,0,0,0.01,0,0.01
16269,Kurogane Kaikitan,PSV,PS,2015,Adventure,Minato Station,0,0,0.01,0,0.01
16270,Starry ? Sky: After Autumn,PSP,PS,2011,Misc,Aqua Plus,0,0,0.01,0,0.01
16271,Dokuro,PSV,PS,2012,Action,GungHo,0,0,0.01,0,0.01
16272,Slide Adventure: Mag Kid,DS,Nintendo,2007,Action,Nintendo,0,0,0.01,0,0.01
16273,Smuggler's Run,GBA,Nintendo,2002,Racing,Rebellion,0.01,0,0,0,0.01
16274,The Humans: Meet the Ancestors!,DS,Nintendo,2009,Puzzle,Deep Silver,0.01,0,0,0,0.01
16275,Chaos;Head Noah,PSV,PS,2014,Adventure,5pb,0,0,0.01,0,0.01
16276,Battlestations: Midway,PC,PC,2007,Strategy,Eidos Interactive,0,0.01,0,0,0.01
16277,Farming Simulator 15 Expansion Pack,PC,PC,2015,Action,Focus Home Interactive,0,0.01,0,0,0.01
16278,Jan Sangoku Musou,PS2,PS,2006,Misc,Tecmo Koei,0,0,0.01,0,0.01
16279,Assetto Corsa,XOne,XBox,2016,Racing,505 Games,0,0.01,0,0,0.01
16280,Kono Aozora ni Yakusoku o: Melody of the Sun and Sea,PS2,PS,2007,Adventure,Alchemist,0,0,0.01,0,0.01
16281,Monster Bomber,DS,Nintendo,2006,Puzzle,505 Games,0.01,0,0,0,0.01
16282,Rakushou! Pachi-Slot Sengen 6: Rio 2 Cruising Vanadis,PS2,PS,2009,Misc,Tecmo Koei,0,0,0.01,0,0.01
16283,Fatal Fury: Battle Archives Volume 1 (JP sales),PS2,PS,2006,Fighting,Ignition Entertainment,0,0,0.01,0,0.01
16284,CT Special Forces 2: Back in the Trenches,GBA,Nintendo,2003,Shooter,LSP Games,0.01,0,0,0,0.01
16285,Kamaitachi no Yoru 2: Tokubetsu Hen,PSP,PS,2006,Adventure,ChunSoft,0,0,0.01,0,0.01
16286,The Chronicles of Riddick: Assault on Dark Athena,PC,PC,2009,Shooter,Vivendi Games,0,0.01,0,0,0.01
16287,The Ultimate Battle of the Sexes,Wii,Nintendo,2010,Misc,DTP Entertainment,0.01,0.01,0,0,0.01
16288,Root Double: Before Crime After Days,X360,XBox,2012,Action,Yeti,0,0,0.01,0,0.01
16289,War for the Overworld,PC,PC,2015,Strategy,Unknown,0,0.01,0,0,0.01
16290,TimeShift,PC,PC,2007,Shooter,Vivendi Games,0.01,0,0,0,0.01
16291,ef - a fairy tale of the two.,PS2,PS,2010,Adventure,Comfort,0,0,0.01,0,0.01
16292,The Train Giant,PC,PC,2012,Strategy,Ascaron Entertainment,0,0.01,0,0,0.01
16293,Sangoku Koi Senki: Omoide Gaeshi - CS Edition,PSV,PS,2016,Adventure,Prototype,0,0,0.01,0,0.01
16294,FairlyLife: MiracleDays,PSP,PS,2010,Adventure,Piacci,0,0,0.01,0,0.01
16295,Surf's Up,GC,Nintendo,2007,Sports,Ubisoft,0.01,0,0,0,0.01
16296,Jambo! Safari Animal Rescue,DS,Nintendo,2009,Simulation,Sega,0.01,0,0,0,0.01
16297,Death Connection Portable,PSP,PS,2011,Adventure,Idea Factory,0,0,0.01,0,0.01
16298,Rainbow Islands: Revolution,PSP,PS,2005,Action,Rising Star Games,0.01,0,0,0,0.01
16299,Legend of Kay Anniversary,WiiU,Nintendo,2015,Action,Nordic Games,0,0.01,0,0,0.01
16300,Rakushou! Pachi-Slot Sengen 4,PS2,PS,2006,Misc,Tecmo Koei,0,0,0.01,0,0.01
16301,Nitroplus Blasterz: Heroines Infinite Duel,PS3,PS,2015,Fighting,Nitroplus,0,0,0.01,0,0.01
16302,Moe Moe 2-Ji Daisenryaku 2,PSP,PS,2010,Strategy,System Soft,0,0,0.01,0,0.01
16303,Tsuyo Kiss 3 Portable,PSP,PS,2012,Action,NetRevo,0,0,0.01,0,0.01
16304,Fireman Sam: Action Stations,DS,Nintendo,2013,Action,Avanquest Software,0,0.01,0,0,0.01
16305,Tetris Ultimate,PSV,PS,2014,Puzzle,Ubisoft,0,0.01,0,0,0.01
16306,Durarara!! Relay,PSV,PS,2015,Action,Kadokawa Games,0,0,0.01,0,0.01
16307,Moto Racer Advance,GBA,Nintendo,2002,Racing,Ubisoft,0.01,0,0,0,0.01
16308,Duel Masters: Shadow of the Code,GBA,Nintendo,2004,Misc,Atari,0.01,0,0,0,0.01
16309,Full Auto 2: Battlelines,PSP,PS,2007,Racing,Sega,0,0.01,0,0,0.01
16310,Freaky Flyers,GC,Nintendo,2003,Racing,Unknown,0.01,0,0,0,0.01
16311,Army Men: Air Combat - The Elite Missions,GC,Nintendo,2003,Shooter,3DO,0.01,0,0,0,0.01
16312,Rally Championship,GC,Nintendo,2003,Racing,SCi,0.01,0,0,0,0.01
16313,Happy Dance Collection,Wii,Nintendo,2008,Misc,Namco Bandai Games,0,0,0.01,0,0.01
16314,Space Hulk,PSV,PS,2015,Strategy,Funbox Media,0,0.01,0,0,0.01
16315,Fuun Shinsengumi Bakumatsuden Portable,PSP,PS,2009,Action,From Software,0.01,0,0,0,0.01
16316,Musou Tourou,PSP,PS,2009,Strategy,Nippon Ichi Software,0,0,0.01,0,0.01
16317,Really? Really! DS,DS,Nintendo,2009,Adventure,Kadokawa Shoten,0,0,0.01,0,0.01
16318,Gakuen Hetalia,DS,Nintendo,2012,Adventure,Idea Factory,0,0,0.01,0,0.01
16319,Daiya no Kuni no Alice: Wonderful Mirror World,PSP,PS,2013,Adventure,Quinrose,0,0,0.01,0,0.01
16320,Touch Detective 3: Does Funghi Dream of Bananas?,3DS,Nintendo,2014,Adventure,Success,0,0,0.01,0,0.01
16321,Dungeon Explorer: Warriors of Ancient Arts,PSP,PS,2007,Role-Playing,Rising Star Games,0.01,0,0,0,0.01
16322,Period Cube: Torikago no Amadeus,PSV,PS,2016,Action,Idea Factory,0,0,0.01,0,0.01
16323,Tringo,GBA,Nintendo,2006,Puzzle,Liquid Games,0.01,0,0,0,0.01
16324,Jam Sessions: Sing and Play Guitar (jp sales),DS,Nintendo,2007,Misc,Ubisoft,0,0,0.01,0,0.01
16325,Binary Star,PSV,PS,2014,Adventure,Idea Factory,0,0,0.01,0,0.01
16326,MXGP 2,PC,PC,2016,Racing,Milestone S.r.l.,0,0.01,0,0,0.01
16327,Professional Farmer 2016,PSV,PS,2015,Action,Namco Bandai Games,0,0.01,0,0,0.01
16328,RalliSport Challenge(JP sales),XB,XBox,2002,Racing,Microsoft Game Studios,0,0,0.01,0,0.01
16329,Dragon Quest X: All in One Package,WiiU,Nintendo,2015,Role-Playing,Square Enix,0,0,0.01,0,0.01
16330,Inversion,PC,PC,2012,Shooter,Namco Bandai Games,0.01,0,0,0,0.01
16331,Wedding Planner: Dream Weddings Guaranteed,DS,Nintendo,2010,Simulation,DTP Entertainment,0,0.01,0,0,0.01
16332,Element Hunter,DS,Nintendo,2009,Role-Playing,Namco Bandai Games,0,0,0.01,0,0.01
16333,Ultraman Fighting Evolution 3,PS2,PS,2004,Fighting,Banpresto,0,0,0.01,0,0.01
16334,Rondo of Swords (jp sales),DS,Nintendo,2007,Role-Playing,Success,0,0,0.01,0,0.01
16335,The Eye of Judgment: Legends,PSP,PS,2010,Strategy,Sony Computer Entertainment,0,0,0.01,0,0.01
16336,Chaos;Child,PS4,PS,2015,Adventure,5pb,0,0,0.01,0,0.01
16337,Greg Hastings' Tournament Paintball Max'd,PS2,PS,2006,Shooter,Activision,0.01,0,0,0,0.01
16338,Whac-A-Mole,GBA,Nintendo,2005,Puzzle,Zoo Digital Publishing,0.01,0,0,0,0.01
16339,Nakayoshi All-Stars: Mezase Gakuen Idol,DS,Nintendo,2008,Misc,Creative Core,0,0,0.01,0,0.01
16340,Shinseiki Evangelion: Koutetsu no Girlfriend Tokubetsu-Hen Portable,PSP,PS,2009,Adventure,CyberFront,0,0,0.01,0,0.01
16341,Fullmetal Alchemist: Prince of the Dawn,Wii,Nintendo,2009,Adventure,Square Enix,0,0,0.01,0,0.01
16342,Command & Conquer Renegade,PC,PC,2002,Shooter,Electronic Arts,0,0.01,0,0,0.01
16343,Grooverider: Slot Car Thunder,GC,Nintendo,2003,Racing,Encore,0.01,0,0,0,0.01
16344,H2O+: Footprints in the Sand,PS2,PS,2008,Adventure,Kadokawa Shoten,0,0,0.01,0,0.01
16345,Fashionable Puppy: Oshare na Koinu DS,DS,Nintendo,2007,Simulation,MTO,0,0,0.01,0,0.01
16346,Sekirei: Mirai Kara no Okurimono,PS2,PS,2009,Adventure,Alchemist,0,0,0.01,0,0.01
16347,Cities: Skylines Snowfall,PC,PC,2016,Simulation,Paradox Development,0,0.01,0,0,0.01
16348,Ultimate Board Game Collection,PS2,PS,2006,Misc,Xplosiv,0.01,0,0,0,0.01
16349,Dinotopia: The Sunstone Odyssey,XB,XBox,2003,Action,TDK Mediactive,0.01,0,0,0,0.01
16350,Idol Janshi Suchie-Pai IV,PS2,PS,2007,Misc,Jaleco,0,0,0.01,0,0.01
16351,Dungeons & Dragons: Neverwinter Nights - Complete,PC,PC,2011,Misc,Atari,0.01,0,0,0,0.01
16352,Natsuzora no Monologue,PSP,PS,2013,Adventure,Otomate,0,0,0.01,0,0.01
16353,Kenka Banchou Portable,PSP,PS,2009,Action,Spike,0,0,0.01,0,0.01
16354,World Snooker Challenge 2005,PSP,PS,2005,Sports,Sega,0,0.01,0,0,0.01
16355,Juiced 2: Hot Import Nights,PC,PC,2007,Racing,THQ,0,0.01,0,0,0.01
16356,G1 Jockey 4 2008,PS3,PS,2008,Sports,Tecmo Koei,0,0.01,0,0,0.01
16357,Monster Jam,PC,PC,2007,Racing,Activision,0.01,0,0,0,0.01
16358,Icewind Dale II,PC,PC,2002,Role-Playing,Interplay,0,0.01,0,0,0.01
16359,The Amazing Spider-Man (DS & Mobile Versions),PSP,PS,2009,Action,Eidos Interactive,0,0.01,0,0,0.01
16360,Mario vs. Donkey Kong: Tipping Stars,WiiU,Nintendo,2015,Puzzle,Nintendo,0,0,0.01,0,0.01
16361,Ishin Renka: Ryouma Gaiden,PSP,PS,2010,Adventure,D3Publisher,0,0,0.01,0,0.01
16362,NHL 2K7,XB,XBox,2006,Sports,Take-Two Interactive,0.01,0,0,0,0.01
16363,Shirahana no Ori: Hiiro no Kakera 4 - Shiki no Uta,PSP,PS,2013,Adventure,Idea Factory,0,0,0.01,0,0.01
16364,Act of Aggression,PC,PC,2015,Strategy,Focus Home Interactive,0,0.01,0,0,0.01
16365,Powerdrome,XB,XBox,2004,Racing,Evolved Games,0.01,0,0,0,0.01
16366,Fallout Anthology,PC,PC,2015,Action,Bethesda Softworks,0,0.01,0,0,0.01
16367,Tropico 3: Gold Edition,PC,PC,2010,Strategy,Kalypso Media,0,0.01,0,0,0.01
16368,Survivor,Wii,Nintendo,2010,Adventure,Valcon Games,0.01,0,0,0,0.01
16369,Hakuouki: Shinsengumi Kitan,PS3,PS,2011,Adventure,Unknown,0.01,0,0,0,0.01
16370,Dance with Devils,PSV,PS,2016,Action,Rejet,0,0,0.01,0,0.01
16371,Wand of Fortune,PS2,PS,2009,Adventure,Idea Factory,0,0,0.01,0,0.01
16372,Arabians Lost: The Engagement on Desert,PSP,PS,2012,Adventure,Quinrose,0,0,0.01,0,0.01
16373,Gobliiins 4,PC,PC,2009,Adventure,Kalypso Media,0,0.01,0,0,0.01
16374,S.Y.K: Shinsetsu Saiyuuki Portable,PSP,PS,2010,Adventure,Idea Factory,0,0,0.01,0,0.01
16375,"Crouching Tiger, Hidden Dragon",XB,XBox,2003,Action,Ubisoft,0.01,0,0,0,0.01
16376,Meru Purana,PS,PS,1996,Strategy,Gust,0,0,0.01,0,0.01
16377,Cross Edge Dash,X360,XBox,2009,Role-Playing,Compile Heart,0,0,0.01,0,0.01
16378,Colin McRae Rally 04,PC,PC,2004,Racing,Codemasters,0,0.01,0,0,0.01
16379,Super Bubble Pop,XB,XBox,2002,Puzzle,Jaleco,0.01,0,0,0,0.01
16380,Fullmetal Alchemist: Trading Card Game,DS,Nintendo,2007,Misc,Destineer,0.01,0,0,0,0.01
16381,Luxor: Pharaoh's Challenge,DS,Nintendo,2007,Puzzle,Funsta,0,0.01,0,0,0.01
16382,Grand Prix Legends,PC,PC,1997,Racing,Vivendi Games,0,0.01,0,0,0.01
16383,Fate/kaleid liner Prisma Illya,3DS,Nintendo,2014,Action,Kadokawa Games,0,0,0.01,0,0.01
16384,Hoshigami: Ruining Blue Earth Remix,DS,Nintendo,2007,Role-Playing,505 Games,0,0,0.01,0,0.01
16385,Akatsuki no Amaneka to Aoi Kyojin,PSP,PS,2010,Strategy,CyberFront,0,0,0.01,0,0.01
16386,Pilot Academy,PSP,PS,2006,Simulation,Rising Star Games,0,0.01,0,0,0.01
16387,Poker for Dummies,PC,PC,2008,Misc,Electronic Arts,0,0.01,0,0,0.01
16388,John Daly's ProStroke Golf,X360,XBox,2010,Sports,O-Games,0.01,0,0,0,0.01
16389,TrackMania Turbo,PC,PC,2016,Action,Ubisoft,0,0.01,0,0,0.01
16390,Darkened Skye,GC,Nintendo,2002,Adventure,TDK Mediactive,0.01,0,0,0,0.01
16391,Sakura-Sou no Pet na Kanojo,PSV,PS,2013,Adventure,Kadokawa Games,0,0,0.01,0,0.01
16392,WSC REAL 09: World Snooker Championship,X360,XBox,2009,Sports,Deep Silver,0,0.01,0,0,0.01
16393,World Snooker Championship 2007,X360,XBox,2007,Sports,Sega,0,0.01,0,0,0.01
16394,Handball 16,X360,XBox,2015,Sports,Bigben Interactive,0,0.01,0,0,0.01
16395,Wand of Fortune: Mirai e no Prologue,PS2,PS,2010,Adventure,Idea Factory,0,0,0.01,0,0.01
16396,Alone in the Dark,PC,PC,2008,Adventure,Atari,0,0.01,0,0,0.01
16397,Nova Usagi no Game de Ryuugaku!? DS,DS,Nintendo,2007,Misc,Konami Digital Entertainment,0,0,0.01,0,0.01
16398,LMA Manager 2007,X360,XBox,2006,Sports,Codemasters,0,0.01,0,0,0.01
16399,San-X: Chara Sagashi Land,DS,Nintendo,2007,Action,MTO,0,0,0.01,0,0.01
16400,Heart no Kuni no Alice,PSP,PS,2009,Adventure,Prototype,0,0,0.01,0,0.01
16401,Petz: Hamsterz Life 2,GBA,Nintendo,2007,Misc,Ubisoft,0.01,0,0,0,0.01
16402,The Technomancer,PC,PC,2016,Role-Playing,Focus Home Interactive,0,0.01,0,0,0.01
16403,Pro Evolution Soccer 2010,PC,PC,2009,Sports,Konami Digital Entertainment,0,0.01,0,0,0.01
16404,Memories Off,PSP,PS,2008,Adventure,5pb,0,0,0.01,0,0.01
16405,Tenchu San Portable,PSP,PS,2009,Action,From Software,0,0,0.01,0,0.01
16406,Ratchet & Clank: Full Frontal Assault,PSV,PS,2012,Adventure,Sony Computer Entertainment,0.01,0,0,0,0.01
16407,Vitamin X,PS2,PS,2007,Adventure,D3Publisher,0,0,0.01,0,0.01
16408,The Wild West,DS,Nintendo,2007,Action,Majesco Entertainment,0.01,0,0,0,0.01
16409,The Amazing Spider-Man 2 (2014),PC,PC,2014,Action,Activision,0,0.01,0,0,0.01
16410,Saint Seiya Omega: Ultimate Cosmo,PSP,PS,2012,Fighting,Namco Bandai Games,0,0,0.01,0,0.01
16411,Sega Rally Revo,PC,PC,2007,Racing,Sega,0,0.01,0,0,0.01
16412,"Element Girl: Love, Fashion and Friends",DS,Nintendo,2008,Adventure,DTP Entertainment,0,0.01,0,0,0.01
16413,"Sakigake!! Otokojuku - Nihon yo, Kore ga Otoko Dearu!",PS3,PS,2014,Fighting,Namco Bandai Games,0,0,0.01,0,0.01
16414,Teenage Mutant Ninja Turtles (3DS),3DS,Nintendo,2013,Action,Activision,0.01,0,0,0,0.01
16415,Time Leap,X360,XBox,2009,Adventure,Prototype,0,0,0.01,0,0.01
16416,The Godfather (JP sales),X360,XBox,2006,Action,Electronic Arts,0,0,0.01,0,0.01
16417,thinkSMART: Chess for Kids,DS,Nintendo,2011,Misc,Mentor Interactive,0.01,0,0,0,0.01
16418,World Heroes Anthology,PS2,PS,2007,Fighting,Ignition Entertainment,0,0,0.01,0,0.01
16419,Chaos;Child,PS3,PS,2015,Adventure,5pb,0,0,0.01,0,0.01
16420,th!nk Logic Trainer,Wii,Nintendo,2009,Puzzle,Conspiracy Entertainment,0.01,0,0,0,0.01
16421,"Tennis no Oji-Sama: Doubles no Oji-Sama - Boys, Be Glorious!",DS,Nintendo,2009,Sports,Konami Digital Entertainment,0,0,0.01,0,0.01
16422,Routes PE,PS2,PS,2007,Adventure,Aqua Plus,0,0,0.01,0,0.01
16423,Winning Eleven: Pro Evolution Soccer 2007,PC,PC,2006,Sports,Konami Digital Entertainment,0,0.01,0,0,0.01
16424,Uchida Yasuou Mystery: Meitantei Senken Mitsuhiko Series: Fukutoshin Renzoku Satsujin Jiken,DS,Nintendo,2009,Adventure,D3Publisher,0,0,0.01,0,0.01
16425,Railfan,PS3,PS,2006,Simulation,Ongakukan,0,0,0.01,0,0.01
16426,SoniPro,3DS,Nintendo,2014,Adventure,imageepoch Inc.,0,0,0.01,0,0.01
16427,Real Crimes: The Unicorn Killer,DS,Nintendo,2011,Puzzle,Unknown,0,0.01,0,0,0.01
16428,Akatsuki no Goei Trinity,PSP,PS,2012,Adventure,5pb,0,0,0.01,0,0.01
16429,ESPN NBA 2Night 2002,XB,XBox,2002,Sports,Konami Digital Entertainment,0.01,0,0,0,0.01
16430,Virtua Quest,GC,Nintendo,2004,Role-Playing,Unknown,0.01,0,0,0,0.01
16431,Aladdin Magic Racer,Wii,Nintendo,2011,Racing,Big Ben Interactive,0.01,0,0,0,0.01
16432,Goat Simulator,XOne,XBox,2016,Simulation,Koch Media,0,0.01,0,0,0.01
16433,Golden Time: Vivid Memories,PSV,PS,2014,Adventure,ASCII Media Works,0,0,0.01,0,0.01
16434,Kamigami no Asobi InFinite,PSV,PS,2016,Adventure,Broccoli,0,0,0.01,0,0.01
16435,Shinseiki Evangelion: Koutetsu no Girlfriend 2nd Portable,PSP,PS,2009,Adventure,CyberFront,0,0,0.01,0,0.01
16436,Clive Barker's Jericho,PC,PC,2007,Shooter,Codemasters,0,0.01,0,0,0.01
16437,Tenjin Ranman: Happy GO Lucky!!,PSP,PS,2010,Adventure,Russel,0,0,0.01,0,0.01
16438,Getsuei Gakuen: kou,PSV,PS,2013,Adventure,Arc System Works,0,0,0.01,0,0.01
16439,Worms 2,PC,PC,1997,Strategy,Microprose,0,0.01,0,0,0.01
16440,The Cages: Pro Style Batting Practice,Wii,Nintendo,2010,Sports,Konami Digital Entertainment,0.01,0,0,0,0.01
16441,Brothers Conflict: Precious Baby,PSV,PS,2017,Action,Idea Factory,0,0,0.01,0,0.01
16442,Shin Sangoku Musou 4 Special,X360,XBox,2005,Action,Tecmo Koei,0,0,0.01,0,0.01
16443,Bullet Soul: Tama Tamashii,X360,XBox,2011,Shooter,5pb,0,0,0.01,0,0.01
16444,G1 Jockey 4 2007,PS2,PS,2007,Sports,Tecmo Koei,0,0,0.01,0,0.01
16445,Colin McRae Rally 2005 plus,PSP,PS,2005,Racing,Codemasters,0,0,0.01,0,0.01
16446,Heart no Kuni no Alice: Wonderful Twin World,PSP,PS,2014,Adventure,Quinrose,0,0,0.01,0,0.01
16447,Madagascar: Escape 2 Africa,PC,PC,2008,Action,Activision,0.01,0,0,0,0.01
16448,Wade Hixton's Counter Punch,GBA,Nintendo,2004,Sports,"Destination Software, Inc",0.01,0,0,0,0.01
16449,Junjou Romanchika: Koi no Doki Doki Daisakusen,PS2,PS,2008,Adventure,Marvelous Interactive,0,0,0.01,0,0.01
16450,Legacy of Kain: Defiance,PC,PC,2003,Action,Eidos Interactive,0,0.01,0,0,0.01
16451,Assassin's Creed Chronicles,XOne,XBox,2016,Action,Ubisoft,0,0.01,0,0,0.01
16452,King's Bounty: Armored Princess,PC,PC,2009,Role-Playing,1C Company,0,0.01,0,0,0.01
16453,Hyperdimension Neptunia mk2,PS3,PS,2011,Action,Nippon Ichi Software,0,0.01,0,0,0.01
16454,Shin Koihime Musou: Otome Taisen * Sangokushi Engi,PS3,PS,2014,Adventure,Views,0,0,0.01,0,0.01
16455,Rugby League Live 3,XOne,XBox,2015,Action,Tru Blu Entertainment,0,0.01,0,0,0.01
16456,Winx Club: Saving Alfea,3DS,Nintendo,2014,Action,Namco Bandai Games,0,0.01,0,0,0.01
16457,Heart no Kuni no Alice,PS2,PS,2008,Adventure,Prototype,0,0,0.01,0,0.01
16458,Shijyou Saikyou no Deshi Kenichi: Gekitou! Ragnarok Hachikengou,PS2,PS,2007,Fighting,Capcom,0,0,0.01,0,0.01
16459,Art Academy: Home Studio,WiiU,Nintendo,2015,Misc,Nintendo,0,0,0.01,0,0.01
16460,Juggler DS,DS,Nintendo,2008,Misc,Commseed,0,0,0.01,0,0.01
16461,Katekyoo Hitman Reborn! Kindan no Yami no Delta,Wii,Nintendo,2008,Action,Marvelous Interactive,0,0,0.01,0,0.01
16462,Rugby World Cup 2015,PC,PC,2015,Sports,Ubisoft,0,0.01,0,0,0.01
16463,"Horse Life 4: My Horse, My Friend, My Champion",3DS,Nintendo,2015,Action,Unknown,0,0.01,0,0,0.01
16464,Razor Freestyle Scooter,GBA,Nintendo,2001,Sports,Ubisoft,0.01,0,0,0,0.01
16465,Outdoors Unleashed: Alaska 3D,3DS,Nintendo,2011,Sports,Mastiff,0.01,0,0,0,0.01
16466,Vitamin Y,DS,Nintendo,2008,Adventure,D3Publisher,0,0,0.01,0,0.01
16467,Egg Mania: Eggstreme Madness,GC,Nintendo,2002,Puzzle,Kemco,0.01,0,0,0,0.01
16468,Help Wanted: 50 Wacky Jobs (jp sales),Wii,Nintendo,2008,Simulation,Hudson Soft,0,0.01,0.01,0,0.01
16469,Magicians Academy,PS2,PS,2007,Role-Playing,Enterbrain,0,0,0.01,0,0.01
16470,Memories Off #5: Togireta Film,PSP,PS,2009,Adventure,5pb,0,0,0.01,0,0.01
16471,Exstetra,3DS,Nintendo,2013,Role-Playing,FuRyu,0,0,0.01,0,0.01
16472,Lucian Bee's: Resurrection Supernova,PS2,PS,2009,Adventure,5pb,0,0,0.01,0,0.01
16473,Amnesia Later,PSV,PS,2014,Misc,Idea Factory,0,0,0.01,0,0.01
16474,MotoGP 15,X360,XBox,2015,Racing,Milestone S.r.l.,0,0.01,0,0,0.01
16475,Azure Striker Gunvolt: Striker Pack,3DS,Nintendo,2016,Action,Inti Creates,0,0,0.01,0,0.01
16476,Captain Rainbow,Wii,Nintendo,2008,Adventure,Nintendo,0,0,0.01,0,0.01
16477,Total War Attila: Tyrants & Kings,PC,PC,2016,Strategy,Koch Media,0,0.01,0,0,0.01
16478,Space Raiders,GC,Nintendo,2003,Shooter,Taito,0.01,0,0,0,0.01
16479,DoDonPachi Daifukkatsu: Black Label,X360,XBox,2011,Shooter,Cave,0,0,0.01,0,0.01
16480,"Shinobi, Koi Utsutsu: Setsugetsuka Koi Emaki",PSV,PS,2015,Action,Idea Factory,0,0,0.01,0,0.01
16481,Ishin no Arashi: Shippuu Ryuumeden,DS,Nintendo,2010,Strategy,Tecmo Koei,0,0,0.01,0,0.01
16482,Agatha Christie: Peril at End House,PC,PC,2009,Adventure,JoWood Productions,0,0.01,0,0,0.01
16483,Muv-Luv Alternative,PS3,PS,2012,Simulation,5pb,0,0,0.01,0,0.01
16484,Dengeki Gakuen RPG: Cross of Venus Special,DS,Nintendo,2011,Role-Playing,ASCII Media Works,0,0,0.01,0,0.01
16485,Dragon Ball Z for Kinect,X360,XBox,2012,Fighting,Namco Bandai Games,0.01,0,0,0,0.01
16486,Hospital Tycoon,PC,PC,2007,Strategy,Codemasters,0,0.01,0,0,0.01
16487,Smart Boy's Winter Wonderland,DS,Nintendo,2008,Misc,UFO Interactive,0.01,0,0,0,0.01
16488,Koi Sentai Love & Peace the P.S.P: Power Zenkai! Special Youso Tenkomori de Portable Ka Daisakusen de Aru!,PSP,PS,2012,Action,Broccoli,0,0,0.01,0,0.01
16489,Case Closed: One Truth Prevails,Wii,Nintendo,2007,Adventure,Nobilis,0,0,0.01,0,0.01
16490,Slotter Mania P: Tetsuya Shinjuku vs Ueno,PSP,PS,2010,Misc,Dorart,0,0,0.01,0,0.01
16491,Bomberman,Wii,Nintendo,2008,Puzzle,Hudson Entertainment,0,0,0.01,0,0.01
16492,Micro Machines V4,PS2,PS,2006,Racing,Codemasters,0.01,0,0,0,0.01
16493,SBK Superbike World Championship,PSP,PS,2008,Racing,Black Bean Games,0.01,0,0,0,0.01
16494,Summer Athletics,PC,PC,2008,Sports,DTP Entertainment,0,0.01,0,0,0.01
16495,Daito Giken Koushiki Pachi-Slot Simulator: 24 - Twenty-Four,PS2,PS,2008,Misc,Paon,0,0,0.01,0,0.01
16496,The Smurfs,3DS,Nintendo,2011,Action,Unknown,0,0.01,0,0,0.01
16497,Legends of Oz: Dorothy's Return,3DS,Nintendo,2014,Puzzle,No release info found for 'Dorothy Gale'.,0,0.01,0,0,0.01
16498,Unending Bloody Call,PSP,PS,2012,Action,Asgard,0,0,0.01,0,0.01
16499,Shutsugeki! Otometachi no Senjou 2: Ikusabana no Kizuna,PSP,PS,2011,Strategy,System Soft,0,0,0.01,0,0.01
16500,Snood 2: On Vacation,GBA,Nintendo,2005,Puzzle,Zoo Digital Publishing,0.01,0,0,0,0.01
16501,The Land Before Time: Into the Mysterious Beyond,GBA,Nintendo,2006,Platform,Game Factory,0.01,0,0,0,0.01
16502,Irotoridori no Sekai: World's End Re-Birth,PSV,PS,2015,Action,HuneX,0,0,0.01,0,0.01
16503,Satomi Hakkenden: Hachi Tamanoki,PSP,PS,2014,Adventure,Quinrose,0,0,0.01,0,0.01
16504,"Transformers: War for Cybertron (XBox 360, PS3, & PC Versions)",PC,PC,2010,Shooter,Activision,0.01,0,0,0,0.01
16505,Naraku no Shiro,PS2,PS,2008,Adventure,Nippon Ichi Software,0,0,0.01,0,0.01
16506,Shinigami to Shoujo,PSP,PS,2011,Adventure,Takuyo,0,0,0.01,0,0.01
16507,Mystereet,PS2,PS,2006,Adventure,Yeti,0,0,0.01,0,0.01
16508,Rabbids Invasion: The Interactive TV Show,XOne,XBox,2014,Misc,Ubisoft,0,0.01,0,0,0.01
16509,Samurai Shodown: Warrios Rage,PS,PS,1999,Fighting,SNK,0.01,0,0,0,0.01
16510,Romeo Vs. Juliet,PSP,PS,2013,Adventure,Quinrose,0,0,0.01,0,0.01
16511,The Rise of the Argonauts,PC,PC,2008,Role-Playing,Codemasters,0,0.01,0,0,0.01
16512,Trine,PC,PC,2009,Action,Nobilis,0,0.01,0,0,0.01
16513,Palais de Reine,PS2,PS,2007,Strategy,Interchannel-Holon,0,0,0.01,0,0.01
16514,Pony Friends 2,PC,PC,2009,Simulation,Eidos Interactive,0,0.01,0,0,0.01
16515,Balloon Pop 2,3DS,Nintendo,2012,Puzzle,UFO Interactive,0.01,0,0,0,0.01
16516,Deal or No Deal,PC,PC,2006,Misc,Focus Home Interactive,0,0.01,0,0,0.01
16517,National Geographic Panda (JP sales),DS,Nintendo,2008,Simulation,Ubisoft,0,0,0.01,0,0.01
16518,Knights in the Nightmare: DHE Series Special Pack,DS,Nintendo,2008,Role-Playing,Sting,0,0,0.01,0,0.01
16519,DJ Max Technika Tune,PSV,PS,2012,Misc,CyberFront,0,0,0.01,0,0.01
16520,Teenage Mutant Ninja Turtles,Wii,Nintendo,2007,Action,Konami Digital Entertainment,0,0.01,0,0,0.01
16521,Crossroad Crisis,PS,PS,2000,Puzzle,Success,0.01,0,0,0,0.01
16522,Bakumatsu Rock: Ultra Soul,PSP,PS,2014,Misc,Marvelous Interactive,0,0,0.01,0,0.01
16523,Tengai Makyo: Dai Yon no Mokushiroku,PSP,PS,2006,Role-Playing,Hudson Soft,0,0,0.01,0,0.01
16524,Akatsuki no Goei Trinity,PS3,PS,2012,Adventure,5pb,0,0,0.01,0,0.01
16525,Karnaaj Rally,GBA,Nintendo,2003,Racing,Jaleco,0.01,0,0,0,0.01
16526,Style Book: Cinnamoroll,DS,Nintendo,2006,Misc,Namco Bandai Games,0,0,0.01,0,0.01
16527,Shirogane no Soleil: Contract to the Future - Mirai e no Keiyaku,PS2,PS,2008,Adventure,Russel,0,0,0.01,0,0.01
16528,Blazer Drive,DS,Nintendo,2008,Role-Playing,Sega,0,0,0.01,0,0.01
16529,Onigokko! Portable,PSP,PS,2013,Adventure,Alchemist,0,0,0.01,0,0.01
16530,Hoshizora no Comic Garden,DS,Nintendo,2008,Adventure,D3Publisher,0,0,0.01,0,0.01
16531,Kiniro no Corda 3,3DS,Nintendo,2015,Adventure,Tecmo Koei,0,0,0.01,0,0.01
16532,Hirameki Action: Chibikko Wagyan no Daiki na Bouken,DS,Nintendo,2009,Action,Namco Bandai Games,0,0,0.01,0,0.01
16533,Sébastien Loeb Rally Evo,XOne,XBox,2016,Racing,Milestone S.r.l,0,0.01,0,0,0.01
16534,Hitman (2016),XOne,XBox,2016,Action,Square Enix,0,0.01,0,0,0.01
16535,STORM: Frontline Nation,PC,PC,2011,Strategy,Unknown,0,0.01,0,0,0.01
16536,Metal Gear Solid HD Edition,X360,XBox,2011,Action,Konami Digital Entertainment,0,0,0.01,0,0.01
16537,Time Travelers,PSP,PS,2012,Adventure,Level 5,0,0,0.01,0,0.01
16538,Mushi Bugyou,3DS,Nintendo,2013,Action,Namco Bandai Games,0,0,0.01,0,0.01
16539,Patrician IV: Gold Edition,PC,PC,2011,Misc,Kalypso Media,0,0.01,0,0,0.01
16540,Transformers: Fall of Cybertron,PC,PC,2012,Action,Activision,0.01,0,0,0,0.01
16541,Sea Monsters: A Prehistoric Adventure,DS,Nintendo,2007,Adventure,DSI Games,0.01,0,0,0,0.01
16542,Spore Galactic Adventures,PC,PC,2009,Strategy,Electronic Arts,0,0.01,0,0,0.01
16543,15 Days,PC,PC,2009,Adventure,DTP Entertainment,0,0.01,0,0,0.01
16544,Battle Fantasia,PS3,PS,2008,Fighting,505 Games,0,0,0.01,0,0.01
16545,Mario & Luigi: Paper Jam & Mario Kart 7 Double Pack,3DS,Nintendo,2015,Misc,Nintendo,0,0,0.01,0,0.01
16546,Driving Simulator 2011,PC,PC,2011,Racing,Sony Computer Entertainment,0,0.01,0,0,0.01
16547,Imagine Figure Skater (JP sales),DS,Nintendo,2007,Sports,Ubisoft,0,0,0.01,0,0.01
16548,The Treasures of Mystery Island 3 Pack - Save Mystery Island!,PC,PC,2011,Puzzle,Unknown,0.01,0,0,0,0.01
16549,Hyakki Yagyou Kaidan Romance,PSP,PS,2012,Action,Quinrose,0,0,0.01,0,0.01
16550,Bookworm Deluxe,PC,PC,2006,Puzzle,PopCap Games,0.01,0,0,0,0.01
16551,Hakuoki: Reimeiroku - Omouhase Kara,PSV,PS,2015,Action,Idea Factory,0,0,0.01,0,0.01
16552,E.T. The Extra-Terrestrial,GBA,Nintendo,2001,Action,NewKidCo,0.01,0,0,0,0.01
16553,God Eater Off Shot: Tachibana Sakuya-hen Twin Pack & Animation Vol.7,PS4,PS,2016,Action,Namco Bandai Games,0,0,0.01,0,0.01
16554,Sweet Honey Coming,PS2,PS,2009,Adventure,Kadokawa Shoten,0,0,0.01,0,0.01
16555,Mahou Sensei Negima!? Neo-Pactio Fight!!,Wii,Nintendo,2007,Fighting,Marvelous Interactive,0,0,0.01,0,0.01
16556,Bound By Flame,X360,XBox,2014,Role-Playing,Focus Home Interactive,0,0.01,0,0,0.01
16557,Psychic Detective,PS,PS,1995,Adventure,Electronic Arts,0.01,0,0,0,0.01
16558,Codename: Panzers Complete Collection,PC,PC,2016,Strategy,Nordic Games,0,0.01,0,0,0.01
16559,Super Robot Taisen: Original Generation,GBA,Nintendo,2002,Role-Playing,Banpresto,0.01,0,0,0,0.01
16560,Dramatical Murder Re:code,PSV,PS,2014,Adventure,Nitroplus,0,0,0.01,0,0.01
16561,Pro Evolution Soccer 2008,PC,PC,2007,Sports,Konami Digital Entertainment,0,0.01,0,0,0.01
16562,Sugar + Spice! Anoko no Suteki na Nanimokamo,PS2,PS,2008,Adventure,Alchemist,0,0,0.01,0,0.01
16563,Hanasaku Manimani,PSV,PS,2014,Adventure,5pb,0,0,0.01,0,0.01
16564,Kanokon: Esuii,PS2,PS,2008,Adventure,5pb,0,0,0.01,0,0.01
16565,Mighty No. 9,XOne,XBox,2016,Platform,Deep Silver,0.01,0,0,0,0.01
16566,Mortal Kombat: Deadly Alliance,GBA,Nintendo,2002,Fighting,Midway Games,0.01,0,0,0,0.01
16567,Original Frisbee Disc Sports: Ultimate & Golf,DS,Nintendo,2007,Action,"Destination Software, Inc",0.01,0,0,0,0.01
16568,Teslagrad,PSV,PS,2015,Platform,Rain Games,0,0.01,0,0,0.01
16569,End of Nations,PC,PC,2012,Strategy,Trion Worlds,0.01,0,0,0,0.01
16570,Fujiko F. Fujio Characters: Great Assembly! Slightly Fantastic Slapstick Party,3DS,Nintendo,2014,Action,Namco Bandai Games,0,0,0.01,0,0.01
16571,XI Coliseum,PSP,PS,2006,Puzzle,Sony Computer Entertainment,0,0,0.01,0,0.01
16572,Resident Evil 4 HD,XOne,XBox,2016,Shooter,Capcom,0.01,0,0,0,0.01
16573,Farming 2017 - The Simulation,PS4,PS,2016,Simulation,UIG Entertainment,0,0.01,0,0,0.01
16574,Grisaia no Kajitsu: La Fruit de la Grisaia,PSP,PS,2013,Adventure,Prototype,0,0,0.01,0,0.01
16575,Scarlett: Nichijou no Kyoukaisen,PS2,PS,2008,Adventure,Kadokawa Shoten,0,0,0.01,0,0.01
16576,Mini Desktop Racing,Wii,Nintendo,2007,Racing,Popcorn Arcade,0.01,0,0,0,0.01
16577,Yattaman Wii: BikkuriDokkiri Machine de Mou Race da Koron,Wii,Nintendo,2008,Racing,Takara Tomy,0,0,0.01,0,0.01
16578,Neo Angelique Special,PSP,PS,2008,Adventure,Tecmo Koei,0,0,0.01,0,0.01
16579,Rugby Challenge 3,XOne,XBox,2016,Sports,Alternative Software,0,0.01,0,0,0.01
16580,Damnation,PC,PC,2009,Shooter,Codemasters,0,0.01,0,0,0.01
16581,Outdoors Unleashed: Africa 3D,3DS,Nintendo,2011,Sports,Mastiff,0.01,0,0,0,0.01
16582,PGA European Tour,N64,Nintendo,2000,Sports,Infogrames,0.01,0,0,0,0.01
16583,Real Rode,PS2,PS,2008,Adventure,Kadokawa Shoten,0,0,0.01,0,0.01
16584,Fit & Fun,Wii,Nintendo,2011,Sports,Unknown,0,0.01,0,0,0.01
16585,Planet Monsters,GBA,Nintendo,2001,Action,Titus,0.01,0,0,0,0.01
16586,Carmageddon 64,N64,Nintendo,1999,Action,Virgin Interactive,0.01,0,0,0,0.01
16587,Bust-A-Move 3000,GC,Nintendo,2003,Puzzle,Ubisoft,0.01,0,0,0,0.01
16588,Breach,PC,PC,2011,Shooter,Destineer,0.01,0,0,0,0.01
16589,Secret Files 2: Puritas Cordis,DS,Nintendo,2009,Adventure,Deep Silver,0,0.01,0,0,0.01
16590,Mezase!! Tsuri Master DS,DS,Nintendo,2009,Sports,Hudson Soft,0,0,0.01,0,0.01
16591,Mega Brain Boost,DS,Nintendo,2008,Puzzle,Majesco Entertainment,0.01,0,0,0,0.01
16592,Chou Ezaru wa Akai Hana: Koi wa Tsuki ni Shirube Kareru,PSV,PS,2016,Action,dramatic create,0,0,0.01,0,0.01
16593,Eiyuu Densetsu: Sora no Kiseki Material Collection Portable,PSP,PS,2007,Role-Playing,Falcom Corporation,0,0,0.01,0,0.01
16594,Myst IV: Revelation,PC,PC,2004,Adventure,Ubisoft,0.01,0,0,0,0.01
16595,Plushees,DS,Nintendo,2008,Simulation,Destineer,0.01,0,0,0,0.01
16596,Woody Woodpecker in Crazy Castle 5,GBA,Nintendo,2002,Platform,Kemco,0.01,0,0,0,0.01
16597,Men in Black II: Alien Escape,GC,Nintendo,2003,Shooter,Infogrames,0.01,0,0,0,0.01
16598,SCORE International Baja 1000: The Official Game,PS2,PS,2008,Racing,Activision,0,0,0,0,0.01
16599,Know How 2,DS,Nintendo,2010,Puzzle,7G//AMES,0,0.01,0,0,0.01
16600,Spirits & Spells,GBA,Nintendo,2003,Platform,Wanadoo,0.01,0,0,0,0.01
